deviceID,valCO2,date,time
444,798, 2020-10-29 , 21:51:34.289013 
 444,798, 2020-10-29 , 21:51:35.008680 
 444,798, 2020-10-29 , 21:51:36.098750 
 444,798, 2020-10-29 , 21:51:37.238304 
 444,798, 2020-10-29 , 21:51:38.327734 
 444,798, 2020-10-29 , 21:51:39.417033 
 444,798, 2020-10-29 , 21:51:40.506027 
 444,798, 2020-10-29 , 21:51:41.596507 
 444,798, 2020-10-29 , 21:51:42.685743 
 444,798, 2020-10-29 , 21:51:43.775106 
 444,798, 2020-10-29 , 21:51:44.865024 
 444,798, 2020-10-29 , 21:51:45.954545 
 444,798, 2020-10-29 , 21:51:47.044519 
 444,797, 2020-10-29 , 21:51:48.133697 
 444,797, 2020-10-29 , 21:51:49.322542 
 444,792, 2020-10-29 , 21:51:50.413519 
 444,790, 2020-10-29 , 21:51:51.502695 
 444,790, 2020-10-29 , 21:51:52.592140 
 444,787, 2020-10-29 , 21:51:53.682916 
 444,787, 2020-10-29 , 21:51:54.772359 
 444,777, 2020-10-29 , 21:51:55.861543 
 444,777, 2020-10-29 , 21:51:56.951047 
 444,755, 2020-10-29 , 21:51:58.040992 
 444,755, 2020-10-29 , 21:51:59.130631 
 444,710, 2020-10-29 , 21:52:00.220210 
 444,710, 2020-10-29 , 21:52:01.360933 
 444,671, 2020-10-29 , 21:52:02.500105 
 444,640, 2020-10-29 , 21:52:03.589454 
 444,640, 2020-10-29 , 21:52:04.678838 
 444,614, 2020-10-29 , 21:52:05.769520 
 444,614, 2020-10-29 , 21:52:06.858646 
 444,590, 2020-10-29 , 21:52:07.948112 
 444,590, 2020-10-29 , 21:52:09.038643 
 444,569, 2020-10-29 , 21:52:10.128172 
 444,569, 2020-10-29 , 21:52:11.367575 
 444,551, 2020-10-29 , 21:52:12.456851 
 444,534, 2020-10-29 , 21:52:13.547358 
 444,534, 2020-10-29 , 21:52:14.636844 
 444,520, 2020-10-29 , 21:52:15.726148 
 444,520, 2020-10-29 , 21:52:16.816546 
 444,507, 2020-10-29 , 21:52:17.905790 
 444,507, 2020-10-29 , 21:52:18.996233 
 444,494, 2020-10-29 , 21:52:20.085574 
 444,494, 2020-10-29 , 21:52:21.175020 
 444,488, 2020-10-29 , 21:52:22.265544 
 444,488, 2020-10-29 , 21:52:23.404840 
 444,479, 2020-10-29 , 21:52:24.494380 
 444,472, 2020-10-29 , 21:52:25.585313 
 444,472, 2020-10-29 , 21:52:26.675114 
 444,467, 2020-10-29 , 21:52:27.764568 
 444,467, 2020-10-29 , 21:52:28.853694 
 444,461, 2020-10-29 , 21:52:29.944180 
 444,461, 2020-10-29 , 21:52:31.033661 
 444,453, 2020-10-29 , 21:52:32.125000 
 444,453, 2020-10-29 , 21:52:33.213823 
 444,447, 2020-10-29 , 21:52:34.304680 
 444,447, 2020-10-29 , 21:52:35.443430 
 444,445, 2020-10-29 , 21:52:36.533301 
 444,443, 2020-10-29 , 21:52:37.622964 
 444,443, 2020-10-29 , 21:52:38.714471 
 444,441, 2020-10-29 , 21:52:40.893571 
 444,439, 2020-10-29 , 21:52:41.982892 
 444,439, 2020-10-29 , 21:52:43.072846 
 444,439, 2020-10-29 , 21:52:44.162720 
 444,439, 2020-10-29 , 21:52:45.253572 
 444,439, 2020-10-29 , 21:52:46.342693 
 444,439, 2020-10-29 , 21:52:47.482719 
 444,438, 2020-10-29 , 21:52:48.573524 
 444,438, 2020-10-29 , 21:52:49.662637 
 444,438, 2020-10-29 , 21:52:50.753331 
 444,439, 2020-10-29 , 21:52:52.933120 
 444,438, 2020-10-29 , 21:52:54.022869 
 444,438, 2020-10-29 , 21:52:55.112447 
 444,438, 2020-10-29 , 21:52:56.202094 
 444,438, 2020-10-29 , 21:52:57.292656 
 444,439, 2020-10-29 , 21:52:58.382112 
 444,439, 2020-10-29 , 21:52:59.522822 
 444,439, 2020-10-29 , 21:53:00.612341 
 444,439, 2020-10-29 , 21:53:01.701762 
 444,439, 2020-10-29 , 21:53:02.793135 
 444,441, 2020-10-29 , 21:53:03.882256 
 444,441, 2020-10-29 , 21:53:04.972967 
 444,442, 2020-10-29 , 21:53:06.062316 
 444,442, 2020-10-29 , 21:53:07.153197 
 444,443, 2020-10-29 , 21:53:08.242302 
 444,443, 2020-10-29 , 21:53:09.333028 
 444,445, 2020-10-29 , 21:53:10.423334 
 444,445, 2020-10-29 , 21:53:11.563020 
 444,446, 2020-10-29 , 21:53:12.653221 
 444,448, 2020-10-29 , 21:53:13.742445 
 444,448, 2020-10-29 , 21:53:14.832348 
 444,450, 2020-10-29 , 21:53:15.923667 
 444,450, 2020-10-29 , 21:53:17.012197 
 444,454, 2020-10-29 , 21:53:18.103451 
 444,454, 2020-10-29 , 21:53:19.193847 
 444,457, 2020-10-29 , 21:53:20.283066 
 444,457, 2020-10-29 , 21:53:21.373588 
 444,458, 2020-10-29 , 21:53:22.464199 
 444,458, 2020-10-29 , 21:53:23.604060 
 444,461, 2020-10-29 , 21:53:24.694835 
 444,463, 2020-10-29 , 21:53:25.783984 
 444,463, 2020-10-29 , 21:53:26.874675 
 444,467, 2020-10-29 , 21:53:27.965115 
 444,467, 2020-10-29 , 21:53:29.054509 
 444,467, 2020-10-29 , 21:53:30.144878 
 444,467, 2020-10-29 , 21:53:31.235456 
 444,469, 2020-10-29 , 21:53:32.325024 
 444,469, 2020-10-29 , 21:53:33.415567 
 444,470, 2020-10-29 , 21:53:34.505922 
 444,470, 2020-10-29 , 21:53:35.645525 
 444,471, 2020-10-29 , 21:53:36.735913 
 444,472, 2020-10-29 , 21:53:37.826226 
 444,472, 2020-10-29 , 21:53:38.916817 
 444,474, 2020-10-29 , 21:53:40.006070 
 444,474, 2020-10-29 , 21:53:41.096825 
 444,476, 2020-10-29 , 21:53:42.187081 
 444,476, 2020-10-29 , 21:53:43.277712 
 444,477, 2020-10-29 , 21:53:44.366784 
 444,477, 2020-10-29 , 21:53:45.457093 
 444,477, 2020-10-29 , 21:53:46.547793 
 444,477, 2020-10-29 , 21:53:47.686267 
 444,477, 2020-10-29 , 21:53:48.777425 
 444,477, 2020-10-29 , 21:53:49.868001 
 444,477, 2020-10-29 , 21:53:50.958490 
 444,478, 2020-10-29 , 21:53:52.047049 
 444,478, 2020-10-29 , 21:53:53.138231 
 444,478, 2020-10-29 , 21:53:54.228663 
 444,478, 2020-10-29 , 21:53:55.319298 
 444,478, 2020-10-29 , 21:53:56.408748 
 444,478, 2020-10-29 , 21:53:57.499542 
 444,478, 2020-10-29 , 21:53:58.589198 
 444,478, 2020-10-29 , 21:53:59.730196 
 444,478, 2020-10-29 , 21:54:00.820062 
 444,478, 2020-10-29 , 21:54:01.910463 
 444,478, 2020-10-29 , 21:54:03.000053 
 444,478, 2020-10-29 , 21:54:04.090578 
 444,478, 2020-10-29 , 21:54:05.181081 
 444,479, 2020-10-29 , 21:54:06.270322 
 444,479, 2020-10-29 , 21:54:07.361293 
 444,480, 2020-10-29 , 21:54:08.450635 
 444,480, 2020-10-29 , 21:54:09.541360 
 444,481, 2020-10-29 , 21:54:10.632452 
 444,481, 2020-10-29 , 21:54:11.771707 
 444,481, 2020-10-29 , 21:54:12.862317 
 444,482, 2020-10-29 , 21:54:13.953064 
 444,482, 2020-10-29 , 21:54:15.043078 
 444,483, 2020-10-29 , 21:54:16.133699 
 444,483, 2020-10-29 , 21:54:17.223410 
 444,484, 2020-10-29 , 21:54:18.314091 
 444,484, 2020-10-29 , 21:54:19.405149 
 444,486, 2020-10-29 , 21:54:20.494095 
 444,486, 2020-10-29 , 21:54:21.584562 
 444,487, 2020-10-29 , 21:54:22.675395 
 444,487, 2020-10-29 , 21:54:23.815146 
 444,489, 2020-10-29 , 21:54:24.906640 
 444,491, 2020-10-29 , 21:54:25.997071 
 444,491, 2020-10-29 , 21:54:27.086102 
 444,494, 2020-10-29 , 21:54:28.175952 
 444,494, 2020-10-29 , 21:54:29.266539 
 444,495, 2020-10-29 , 21:54:30.356937 
 444,495, 2020-10-29 , 21:54:31.448073 
 444,496, 2020-10-29 , 21:54:32.537789 
 444,496, 2020-10-29 , 21:54:33.628473 
 444,498, 2020-10-29 , 21:54:34.719338 
 444,498, 2020-10-29 , 21:54:35.860012 
 444,500, 2020-10-29 , 21:54:36.949022 
 444,501, 2020-10-29 , 21:54:38.039470 
 444,501, 2020-10-29 , 21:54:39.130234 
 444,501, 2020-10-29 , 21:54:40.220913 
 444,501, 2020-10-29 , 21:54:41.311218 
 444,502, 2020-10-29 , 21:54:42.400777 
 444,502, 2020-10-29 , 21:54:43.491223 
 444,502, 2020-10-29 , 21:54:44.581720 
 444,502, 2020-10-29 , 21:54:45.672469 
 444,502, 2020-10-29 , 21:54:46.763031 
 444,502, 2020-10-29 , 21:54:47.903668 
 444,504, 2020-10-29 , 21:54:48.993007 
 444,505, 2020-10-29 , 21:54:50.083982 
 444,505, 2020-10-29 , 21:54:51.174566 
 444,507, 2020-10-29 , 21:54:52.264705 
 444,507, 2020-10-29 , 21:54:53.354006 
 444,509, 2020-10-29 , 21:54:54.444928 
 444,509, 2020-10-29 , 21:54:55.534928 
 444,510, 2020-10-29 , 21:54:56.626015 
 444,510, 2020-10-29 , 21:54:57.715252 
 444,511, 2020-10-29 , 21:54:58.805761 
 444,511, 2020-10-29 , 21:54:59.946251 
 444,513, 2020-10-29 , 21:55:01.036685 
 444,514, 2020-10-29 , 21:55:02.127096 
 444,514, 2020-10-29 , 21:55:03.217494 
 444,516, 2020-10-29 , 21:55:04.306768 
 444,516, 2020-10-29 , 21:55:05.397150 
 444,518, 2020-10-29 , 21:55:06.487923 
 444,518, 2020-10-29 , 21:55:07.578521 
 444,520, 2020-10-29 , 21:55:08.668490 
 444,520, 2020-10-29 , 21:55:09.758650 
 444,521, 2020-10-29 , 21:55:10.849139 
 444,521, 2020-10-29 , 21:55:11.990016 
 444,523, 2020-10-29 , 21:55:13.080428 
 444,527, 2020-10-29 , 21:55:14.170942 
 444,527, 2020-10-29 , 21:55:15.260262 
 444,529, 2020-10-29 , 21:55:16.350760 
 444,529, 2020-10-29 , 21:55:17.441544 
 444,533, 2020-10-29 , 21:55:18.531752 
 444,533, 2020-10-29 , 21:55:19.622242 
 444,536, 2020-10-29 , 21:55:20.712716 
 444,536, 2020-10-29 , 21:55:21.803412 
 444,538, 2020-10-29 , 21:55:22.893639 
 444,538, 2020-10-29 , 21:55:24.034219 
 444,541, 2020-10-29 , 21:55:25.173627 
 444,543, 2020-10-29 , 21:55:26.264117 
 444,543, 2020-10-29 , 21:55:27.354190 
 444,546, 2020-10-29 , 21:55:28.445681 
 444,546, 2020-10-29 , 21:55:29.535424 
 444,548, 2020-10-29 , 21:55:30.625915 
 444,548, 2020-10-29 , 21:55:31.716914 
 444,550, 2020-10-29 , 21:55:32.805409 
 444,550, 2020-10-29 , 21:55:34.046809 
 444,552, 2020-10-29 , 21:55:35.138090 
 444,554, 2020-10-29 , 21:55:36.227109 
 444,554, 2020-10-29 , 21:55:37.317405 
 444,556, 2020-10-29 , 21:55:38.407844 
 444,556, 2020-10-29 , 21:55:39.498344 
 444,557, 2020-10-29 , 21:55:40.588885 
 444,557, 2020-10-29 , 21:55:41.679359 
 444,558, 2020-10-29 , 21:55:42.769833 
 444,558, 2020-10-29 , 21:55:43.860505 
 444,559, 2020-10-29 , 21:55:44.949584 
 444,559, 2020-10-29 , 21:55:46.090038 
 444,558, 2020-10-29 , 21:55:47.181067 
 444,558, 2020-10-29 , 21:55:48.272002 
 444,558, 2020-10-29 , 21:55:49.361269 
 444,558, 2020-10-29 , 21:55:50.451579 
 444,558, 2020-10-29 , 21:55:51.542008 
 444,558, 2020-10-29 , 21:55:52.633017 
 444,558, 2020-10-29 , 21:55:53.723642 
 444,558, 2020-10-29 , 21:55:54.812691 
 444,558, 2020-10-29 , 21:55:55.903194 
 444,559, 2020-10-29 , 21:55:56.993891 
 444,559, 2020-10-29 , 21:55:58.134497 
 444,560, 2020-10-29 , 21:55:59.225260 
 444,560, 2020-10-29 , 21:56:00.315544 
 444,560, 2020-10-29 , 21:56:01.404732 
 444,561, 2020-10-29 , 21:56:02.495277 
 444,561, 2020-10-29 , 21:56:03.585766 
 444,562, 2020-10-29 , 21:56:04.675612 
 444,562, 2020-10-29 , 21:56:05.766947 
 444,563, 2020-10-29 , 21:56:06.857408 
 444,563, 2020-10-29 , 21:56:07.947985 
 444,564, 2020-10-29 , 21:56:09.038262 
 444,564, 2020-10-29 , 21:56:10.177427 
 444,566, 2020-10-29 , 21:56:11.267996 
 444,568, 2020-10-29 , 21:56:12.358662 
 444,568, 2020-10-29 , 21:56:13.449210 
 444,570, 2020-10-29 , 21:56:14.539978 
 444,570, 2020-10-29 , 21:56:15.630693 
 444,571, 2020-10-29 , 21:56:16.720281 
 444,571, 2020-10-29 , 21:56:17.814160 
 444,573, 2020-10-29 , 21:56:18.901047 
 444,573, 2020-10-29 , 21:56:19.992197 
 444,574, 2020-10-29 , 21:56:21.082187 
 444,574, 2020-10-29 , 21:56:22.222852 
 444,575, 2020-10-29 , 21:56:23.313117 
 444,576, 2020-10-29 , 21:56:24.403611 
 444,576, 2020-10-29 , 21:56:25.494799 
 444,577, 2020-10-29 , 21:56:26.585299 
 444,577, 2020-10-29 , 21:56:27.674152 
 444,578, 2020-10-29 , 21:56:28.765918 
 444,578, 2020-10-29 , 21:56:29.855233 
 444,579, 2020-10-29 , 21:56:30.946867 
 444,579, 2020-10-29 , 21:56:32.035937 
 444,581, 2020-10-29 , 21:56:33.126200 
 444,581, 2020-10-29 , 21:56:34.266617 
 444,582, 2020-10-29 , 21:56:35.408800 
 444,584, 2020-10-29 , 21:56:36.497089 
 444,584, 2020-10-29 , 21:56:37.588230 
 444,585, 2020-10-29 , 21:56:38.678699 
 444,585, 2020-10-29 , 21:56:39.768533 
 444,587, 2020-10-29 , 21:56:40.858805 
 444,587, 2020-10-29 , 21:56:41.949721 
 444,588, 2020-10-29 , 21:56:43.040141 
 444,588, 2020-10-29 , 21:56:44.280488 
 444,589, 2020-10-29 , 21:56:45.370336 
 444,592, 2020-10-29 , 21:56:46.460766 
 444,592, 2020-10-29 , 21:56:47.550394 
 444,594, 2020-10-29 , 21:56:48.640831 
 444,594, 2020-10-29 , 21:56:49.731519 
 444,596, 2020-10-29 , 21:56:50.822118 
 444,596, 2020-10-29 , 21:56:51.912798 
 444,598, 2020-10-29 , 21:56:53.003454 
 444,598, 2020-10-29 , 21:56:54.094081 
 444,600, 2020-10-29 , 21:56:55.184714 
 444,600, 2020-10-29 , 21:56:56.324012 
 444,601, 2020-10-29 , 21:56:57.414996 
 444,604, 2020-10-29 , 21:56:58.505286 
 444,604, 2020-10-29 , 21:56:59.595623 
 444,606, 2020-10-29 , 21:57:00.686041 
 444,606, 2020-10-29 , 21:57:01.776465 
 444,608, 2020-10-29 , 21:57:02.866283 
 444,608, 2020-10-29 , 21:57:03.957645 
 444,613, 2020-10-29 , 21:57:05.048281 
 444,613, 2020-10-29 , 21:57:06.138428 
 444,616, 2020-10-29 , 21:57:07.228934 
 444,616, 2020-10-29 , 21:57:08.368836 
 444,619, 2020-10-29 , 21:57:09.460145 
 444,623, 2020-10-29 , 21:57:10.550337 
 444,623, 2020-10-29 , 21:57:11.639928 
 444,624, 2020-10-29 , 21:57:12.730757 
 444,624, 2020-10-29 , 21:57:13.821169 
 444,628, 2020-10-29 , 21:57:14.911630 
 444,628, 2020-10-29 , 21:57:16.002110 
 444,631, 2020-10-29 , 21:57:17.092547 
 444,631, 2020-10-29 , 21:57:18.183104 
 444,634, 2020-10-29 , 21:57:19.272743 
 444,634, 2020-10-29 , 21:57:20.413413 
 444,637, 2020-10-29 , 21:57:21.503826 
 444,640, 2020-10-29 , 21:57:22.594384 
 444,640, 2020-10-29 , 21:57:23.685106 
 444,643, 2020-10-29 , 21:57:24.774920 
 444,643, 2020-10-29 , 21:57:25.865545 
 444,644, 2020-10-29 , 21:57:26.955862 
 444,644, 2020-10-29 , 21:57:28.046203 
 444,646, 2020-10-29 , 21:57:29.137185 
 444,646, 2020-10-29 , 21:57:30.227870 
 444,647, 2020-10-29 , 21:57:31.318303 
 444,647, 2020-10-29 , 21:57:32.458777 
 444,648, 2020-10-29 , 21:57:33.548702 
 444,647, 2020-10-29 , 21:57:34.639737 
 444,647, 2020-10-29 , 21:57:35.730330 
 444,648, 2020-10-29 , 21:57:36.819694 
 444,648, 2020-10-29 , 21:57:37.910234 
 444,648, 2020-10-29 , 21:57:39.000814 
 444,648, 2020-10-29 , 21:57:40.090418 
 444,650, 2020-10-29 , 21:57:41.181675 
 444,650, 2020-10-29 , 21:57:42.272284 
 444,650, 2020-10-29 , 21:57:43.362755 
 444,650, 2020-10-29 , 21:57:44.502332 
 444,651, 2020-10-29 , 21:57:45.642969 
 444,652, 2020-10-29 , 21:57:46.733785 
 444,652, 2020-10-29 , 21:57:47.824601 
 444,652, 2020-10-29 , 21:57:48.915342 
 444,652, 2020-10-29 , 21:57:50.005710 
 444,653, 2020-10-29 , 21:57:51.096194 
 444,653, 2020-10-29 , 21:57:52.186703 
 444,653, 2020-10-29 , 21:57:53.276135 
 444,653, 2020-10-29 , 21:57:54.516876 
 444,654, 2020-10-29 , 21:57:55.607407 
 444,654, 2020-10-29 , 21:57:56.698410 
 444,654, 2020-10-29 , 21:57:57.788883 
 444,654, 2020-10-29 , 21:57:58.879386 
 444,654, 2020-10-29 , 21:57:59.970015 
 444,654, 2020-10-29 , 21:58:01.060795 
 444,654, 2020-10-29 , 21:58:02.151126 
 444,654, 2020-10-29 , 21:58:03.241578 
 444,654, 2020-10-29 , 21:58:04.330854 
 444,654, 2020-10-29 , 21:58:05.421365 
 444,654, 2020-10-29 , 21:58:06.561251 
 444,655, 2020-10-29 , 21:58:07.652549 
 444,655, 2020-10-29 , 21:58:09.833281 
 444,655, 2020-10-29 , 21:58:10.923913 
 444,655, 2020-10-29 , 21:58:12.014434 
 444,656, 2020-10-29 , 21:58:13.105790 
 444,656, 2020-10-29 , 21:58:14.196267 
 444,656, 2020-10-29 , 21:58:15.285758 
 444,656, 2020-10-29 , 21:58:16.376207 
 444,657, 2020-10-29 , 21:58:17.467342 
 444,657, 2020-10-29 , 21:58:18.607962 
 444,657, 2020-10-29 , 21:58:19.698608 
 444,658, 2020-10-29 , 21:58:20.788205 
 444,658, 2020-10-29 , 21:58:21.878902 
 444,659, 2020-10-29 , 21:58:22.969750 
 444,659, 2020-10-29 , 21:58:24.060331 
 444,660, 2020-10-29 , 21:58:25.150844 
 444,660, 2020-10-29 , 21:58:26.241531 
 444,662, 2020-10-29 , 21:58:27.331896 
 444,662, 2020-10-29 , 21:58:28.421555 
 444,663, 2020-10-29 , 21:58:29.512626 
 444,663, 2020-10-29 , 21:58:30.653380 
 444,665, 2020-10-29 , 21:58:31.743951 
 444,665, 2020-10-29 , 21:58:32.833438 
 444,665, 2020-10-29 , 21:58:33.924001 
 444,666, 2020-10-29 , 21:58:35.014738 
 444,667, 2020-10-29 , 21:58:37.196207 
 444,667, 2020-10-29 , 21:58:38.286891 
 444,668, 2020-10-29 , 21:58:39.376952 
 444,668, 2020-10-29 , 21:58:40.467932 
 444,668, 2020-10-29 , 21:58:41.558249 
 444,669, 2020-10-29 , 21:58:43.838249 
 444,669, 2020-10-29 , 21:58:44.929558 
 444,669, 2020-10-29 , 21:58:46.019998 
 444,669, 2020-10-29 , 21:58:47.110798 
 444,669, 2020-10-29 , 21:58:48.201371 
 444,669, 2020-10-29 , 21:58:49.292175 
 444,669, 2020-10-29 , 21:58:50.381852 
 444,669, 2020-10-29 , 21:58:51.472384 
 444,669, 2020-10-29 , 21:58:52.712847 
 444,669, 2020-10-29 , 21:58:53.803499 
 444,669, 2020-10-29 , 21:58:54.893808 
 444,669, 2020-10-29 , 21:58:55.984552 
 444,671, 2020-10-29 , 21:58:57.075241 
 444,671, 2020-10-29 , 21:58:58.165759 
 444,672, 2020-10-29 , 21:58:59.256251 
 444,672, 2020-10-29 , 21:59:00.346836 
 444,673, 2020-10-29 , 21:59:01.437446 
 444,673, 2020-10-29 , 21:59:02.526757 
 444,675, 2020-10-29 , 21:59:03.617539 
 444,675, 2020-10-29 , 21:59:04.758119 
 444,676, 2020-10-29 , 21:59:05.848477 
 444,678, 2020-10-29 , 21:59:06.939440 
 444,678, 2020-10-29 , 21:59:08.030388 
 444,679, 2020-10-29 , 21:59:09.120842 
 444,679, 2020-10-29 , 21:59:10.209302 
 444,681, 2020-10-29 , 21:59:11.300415 
 444,681, 2020-10-29 , 21:59:12.390856 
 444,683, 2020-10-29 , 21:59:13.481572 
 444,683, 2020-10-29 , 21:59:14.572306 
 444,684, 2020-10-29 , 21:59:15.662903 
 444,684, 2020-10-29 , 21:59:16.803321 
 444,685, 2020-10-29 , 21:59:17.893749 
 444,687, 2020-10-29 , 21:59:18.984398 
 444,687, 2020-10-29 , 21:59:20.075254 
 444,689, 2020-10-29 , 21:59:21.165903 
 444,689, 2020-10-29 , 21:59:22.255333 
 444,689, 2020-10-29 , 21:59:23.346510 
 444,689, 2020-10-29 , 21:59:24.437509 
 444,691, 2020-10-29 , 21:59:25.528170 
 444,691, 2020-10-29 , 21:59:26.618711 
 444,692, 2020-10-29 , 21:59:27.709188 
 444,692, 2020-10-29 , 21:59:28.848445 
 444,692, 2020-10-29 , 21:59:29.989074 
 444,694, 2020-10-29 , 21:59:31.080647 
 444,694, 2020-10-29 , 21:59:32.170292 
 444,696, 2020-10-29 , 21:59:33.259687 
 444,696, 2020-10-29 , 21:59:34.351112 
 444,697, 2020-10-29 , 21:59:35.441620 
 444,697, 2020-10-29 , 21:59:36.532802 
 444,699, 2020-10-29 , 21:59:37.622878 
 444,699, 2020-10-29 , 21:59:38.863537 
 444,699, 2020-10-29 , 21:59:39.954516 
 444,701, 2020-10-29 , 21:59:41.045001 
 444,701, 2020-10-29 , 21:59:42.134891 
 444,703, 2020-10-29 , 21:59:43.225415 
 444,703, 2020-10-29 , 21:59:44.315818 
 444,704, 2020-10-29 , 21:59:45.406735 
 444,704, 2020-10-29 , 21:59:46.496982 
 444,705, 2020-10-29 , 21:59:47.587581 
 444,705, 2020-10-29 , 21:59:48.678501 
 444,706, 2020-10-29 , 21:59:49.769123 
 444,706, 2020-10-29 , 21:59:50.909745 
 444,707, 2020-10-29 , 21:59:52.000235 
 444,708, 2020-10-29 , 21:59:53.090673 
 444,708, 2020-10-29 , 21:59:54.181210 
 444,711, 2020-10-29 , 21:59:55.272053 
 444,711, 2020-10-29 , 21:59:56.362528 
 444,712, 2020-10-29 , 21:59:57.453021 
 444,712, 2020-10-29 , 21:59:58.543440 
 444,715, 2020-10-29 , 21:59:59.634119 
 444,715, 2020-10-29 , 22:00:00.724810 
 444,717, 2020-10-29 , 22:00:01.815409 
 444,717, 2020-10-29 , 22:00:02.954703 
 444,718, 2020-10-29 , 22:00:04.046432 
 444,721, 2020-10-29 , 22:00:05.137244 
 444,721, 2020-10-29 , 22:00:06.226130 
 444,722, 2020-10-29 , 22:00:07.317475 
 444,722, 2020-10-29 , 22:00:08.408379 
 444,724, 2020-10-29 , 22:00:09.498008 
 444,724, 2020-10-29 , 22:00:10.588744 
 444,725, 2020-10-29 , 22:00:11.679473 
 444,725, 2020-10-29 , 22:00:12.770195 
 444,727, 2020-10-29 , 22:00:13.860994 
 444,727, 2020-10-29 , 22:00:15.001602 
 444,729, 2020-10-29 , 22:00:16.090805 
 444,730, 2020-10-29 , 22:00:17.181384 
 444,730, 2020-10-29 , 22:00:18.271846 
 444,731, 2020-10-29 , 22:00:19.361780 
 444,731, 2020-10-29 , 22:00:20.452937 
 444,731, 2020-10-29 , 22:00:21.543736 
 444,731, 2020-10-29 , 22:00:22.634206 
 444,732, 2020-10-29 , 22:00:23.725231 
 444,732, 2020-10-29 , 22:00:24.815582 
 444,732, 2020-10-29 , 22:00:25.905917 
 444,732, 2020-10-29 , 22:00:27.046502 
 444,733, 2020-10-29 , 22:00:28.187151 
 444,734, 2020-10-29 , 22:00:29.277529 
 444,734, 2020-10-29 , 22:00:30.368021 
 444,734, 2020-10-29 , 22:00:31.458457 
 444,734, 2020-10-29 , 22:00:32.549531 
 444,735, 2020-10-29 , 22:00:33.639927 
 444,735, 2020-10-29 , 22:00:34.729418 
 444,735, 2020-10-29 , 22:00:35.820298 
 444,735, 2020-10-29 , 22:00:37.061202 
 444,736, 2020-10-29 , 22:00:38.151567 
 444,735, 2020-10-29 , 22:00:39.242087 
 444,735, 2020-10-29 , 22:00:40.332506 
 444,736, 2020-10-29 , 22:00:41.423700 
 444,736, 2020-10-29 , 22:00:42.514459 
 444,736, 2020-10-29 , 22:00:43.603655 
 444,736, 2020-10-29 , 22:00:44.694534 
 444,736, 2020-10-29 , 22:00:45.784073 
 444,736, 2020-10-29 , 22:00:46.875442 
 444,737, 2020-10-29 , 22:00:47.965697 
 444,737, 2020-10-29 , 22:00:49.106419 
 444,738, 2020-10-29 , 22:00:50.196940 
 444,739, 2020-10-29 , 22:00:51.287680 
 444,739, 2020-10-29 , 22:00:52.379314 
 444,740, 2020-10-29 , 22:00:53.469146 
 444,740, 2020-10-29 , 22:00:54.558667 
 444,741, 2020-10-29 , 22:00:55.649253 
 444,741, 2020-10-29 , 22:00:56.739849 
 444,741, 2020-10-29 , 22:00:57.830337 
 444,741, 2020-10-29 , 22:00:58.920966 
 444,743, 2020-10-29 , 22:01:00.011570 
 444,743, 2020-10-29 , 22:01:01.152072 
 444,743, 2020-10-29 , 22:01:02.242892 
 444,744, 2020-10-29 , 22:01:03.333513 
 444,744, 2020-10-29 , 22:01:04.424143 
 444,744, 2020-10-29 , 22:01:05.514873 
 444,744, 2020-10-29 , 22:01:06.605861 
 444,743, 2020-10-29 , 22:01:07.695374 
 444,743, 2020-10-29 , 22:01:08.785715 
 444,744, 2020-10-29 , 22:01:09.876225 
 444,744, 2020-10-29 , 22:01:10.967004 
 444,744, 2020-10-29 , 22:01:12.057604 
 444,744, 2020-10-29 , 22:01:13.197915 
 444,743, 2020-10-29 , 22:01:14.338406 
 444,744, 2020-10-29 , 22:01:15.429013 
 444,744, 2020-10-29 , 22:01:16.519533 
 444,743, 2020-10-29 , 22:01:17.609396 
 444,743, 2020-10-29 , 22:01:18.700501 
 444,744, 2020-10-29 , 22:01:19.791066 
 444,744, 2020-10-29 , 22:01:20.881855 
 444,744, 2020-10-29 , 22:01:21.971523 
 444,744, 2020-10-29 , 22:01:23.212095 
 444,745, 2020-10-29 , 22:01:24.302833 
 444,745, 2020-10-29 , 22:01:25.393180 
 444,745, 2020-10-29 , 22:01:26.483539 
 444,745, 2020-10-29 , 22:01:27.574215 
 444,745, 2020-10-29 , 22:01:28.664908 
 444,747, 2020-10-29 , 22:01:29.755474 
 444,747, 2020-10-29 , 22:01:30.845851 
 444,748, 2020-10-29 , 22:01:31.936185 
 444,748, 2020-10-29 , 22:01:33.026581 
 444,750, 2020-10-29 , 22:01:34.117039 
 444,750, 2020-10-29 , 22:01:35.258131 
 444,751, 2020-10-29 , 22:01:36.348534 
 444,752, 2020-10-29 , 22:01:37.438994 
 444,752, 2020-10-29 , 22:01:38.529619 
 444,753, 2020-10-29 , 22:01:39.619799 
 444,753, 2020-10-29 , 22:01:40.710352 
 444,755, 2020-10-29 , 22:01:41.800805 
 444,755, 2020-10-29 , 22:01:42.891808 
 444,756, 2020-10-29 , 22:01:43.982084 
 444,756, 2020-10-29 , 22:01:45.071707 
 444,757, 2020-10-29 , 22:01:46.163403 
 444,757, 2020-10-29 , 22:01:47.302739 
 444,759, 2020-10-29 , 22:01:48.393390 
 444,761, 2020-10-29 , 22:01:49.483922 
 444,761, 2020-10-29 , 22:01:50.574568 
 444,762, 2020-10-29 , 22:01:51.665160 
 444,762, 2020-10-29 , 22:01:52.755615 
 444,764, 2020-10-29 , 22:01:53.845873 
 444,764, 2020-10-29 , 22:01:54.936329 
 444,764, 2020-10-29 , 22:01:56.026841 
 444,764, 2020-10-29 , 22:01:57.117352 
 444,765, 2020-10-29 , 22:01:58.207811 
 444,765, 2020-10-29 , 22:01:59.348280 
 444,766, 2020-10-29 , 22:02:00.438814 
 444,766, 2020-10-29 , 22:02:01.529818 
 444,766, 2020-10-29 , 22:02:02.620131 
 444,766, 2020-10-29 , 22:02:03.710581 
 444,766, 2020-10-29 , 22:02:04.801047 
 444,767, 2020-10-29 , 22:02:05.891787 
 444,767, 2020-10-29 , 22:02:06.981290 
 444,768, 2020-10-29 , 22:02:08.072152 
 444,768, 2020-10-29 , 22:02:09.162700 
 444,768, 2020-10-29 , 22:02:10.253371 
 444,768, 2020-10-29 , 22:02:11.393928 
 444,770, 2020-10-29 , 22:02:12.534679 
 444,771, 2020-10-29 , 22:02:13.624960 
 444,771, 2020-10-29 , 22:02:14.715447 
 444,771, 2020-10-29 , 22:02:15.805194 
 444,771, 2020-10-29 , 22:02:16.895338 
 444,773, 2020-10-29 , 22:02:17.986114 
 444,773, 2020-10-29 , 22:02:19.076421 
 444,773, 2020-10-29 , 22:02:20.167255 
 444,773, 2020-10-29 , 22:02:21.407833 
 444,775, 2020-10-29 , 22:02:22.498596 
 444,776, 2020-10-29 , 22:02:23.588712 
 444,776, 2020-10-29 , 22:02:24.678763 
 444,778, 2020-10-29 , 22:02:25.769870 
 444,778, 2020-10-29 , 22:02:26.860548 
 444,779, 2020-10-29 , 22:02:27.951023 
 444,779, 2020-10-29 , 22:02:29.041525 
 444,781, 2020-10-29 , 22:02:30.131802 
 444,781, 2020-10-29 , 22:02:31.222311 
 444,783, 2020-10-29 , 22:02:32.312973 
 444,783, 2020-10-29 , 22:02:33.453389 
 444,784, 2020-10-29 , 22:02:34.544027 
 444,786, 2020-10-29 , 22:02:35.634719 
 444,786, 2020-10-29 , 22:02:36.724433 
 444,787, 2020-10-29 , 22:02:37.815530 
 444,787, 2020-10-29 , 22:02:38.906165 
 444,789, 2020-10-29 , 22:02:39.996659 
 444,789, 2020-10-29 , 22:02:41.087117 
 444,791, 2020-10-29 , 22:02:42.177628 
 444,791, 2020-10-29 , 22:02:43.268099 
 444,792, 2020-10-29 , 22:02:44.358596 
 444,792, 2020-10-29 , 22:02:45.499122 
 444,794, 2020-10-29 , 22:02:46.589537 
 444,797, 2020-10-29 , 22:02:47.680304 
 444,797, 2020-10-29 , 22:02:48.770947 
 444,797, 2020-10-29 , 22:02:49.861257 
 444,797, 2020-10-29 , 22:02:50.951909 
 444,798, 2020-10-29 , 22:02:52.042351 
 444,798, 2020-10-29 , 22:02:53.132855 
 444,799, 2020-10-29 , 22:02:54.223582 
 444,799, 2020-10-29 , 22:02:55.314522 
 444,800, 2020-10-29 , 22:02:56.405113 
 444,800, 2020-10-29 , 22:02:57.545644 
 444,799, 2020-10-29 , 22:02:58.686002 
 444,799, 2020-10-29 , 22:02:59.776444 
 444,799, 2020-10-29 , 22:03:00.866947 
 444,795, 2020-10-29 , 22:03:01.957446 
 444,795, 2020-10-29 , 22:03:03.047949 
 444,793, 2020-10-29 , 22:03:04.138421 
 444,793, 2020-10-29 , 22:03:05.228966 
 444,789, 2020-10-29 , 22:03:06.319346 
 444,789, 2020-10-29 , 22:03:07.560022 
 444,786, 2020-10-29 , 22:03:08.650661 
 444,784, 2020-10-29 , 22:03:09.740900 
 444,784, 2020-10-29 , 22:03:10.831332 
 444,780, 2020-10-29 , 22:03:11.921995 
 444,780, 2020-10-29 , 22:03:13.012568 
 444,775, 2020-10-29 , 22:03:14.102899 
 444,775, 2020-10-29 , 22:03:15.192846 
 444,771, 2020-10-29 , 22:03:16.284562 
 444,771, 2020-10-29 , 22:03:17.375281 
 444,762, 2020-10-29 , 22:03:18.465302 
 444,762, 2020-10-29 , 22:03:19.605104 
 444,755, 2020-10-29 , 22:03:20.695583 
 444,752, 2020-10-29 , 22:03:21.785913 
 444,752, 2020-10-29 , 22:03:22.876401 
 444,745, 2020-10-29 , 22:03:23.966899 
 444,745, 2020-10-29 , 22:03:25.057373 
 444,743, 2020-10-29 , 22:03:26.147893 
 444,743, 2020-10-29 , 22:03:27.238331 
 444,740, 2020-10-29 , 22:03:28.328860 
 444,740, 2020-10-29 , 22:03:29.418939 
 444,737, 2020-10-29 , 22:03:30.510111 
 444,737, 2020-10-29 , 22:03:31.650701 
 444,733, 2020-10-29 , 22:03:32.741325 
 444,729, 2020-10-29 , 22:03:33.832188 
 444,729, 2020-10-29 , 22:03:34.921902 
 444,729, 2020-10-29 , 22:03:36.013028 
 444,729, 2020-10-29 , 22:03:37.103648 
 444,727, 2020-10-29 , 22:03:38.194421 
 444,727, 2020-10-29 , 22:03:39.284998 
 444,725, 2020-10-29 , 22:03:40.375601 
 444,725, 2020-10-29 , 22:03:41.465992 
 444,722, 2020-10-29 , 22:03:42.556964 
 444,722, 2020-10-29 , 22:03:43.696477 
 444,719, 2020-10-29 , 22:03:44.786980 
 444,717, 2020-10-29 , 22:03:45.877573 
 444,717, 2020-10-29 , 22:03:46.968412 
 444,714, 2020-10-29 , 22:03:48.058945 
 444,714, 2020-10-29 , 22:03:49.149949 
 444,712, 2020-10-29 , 22:03:50.240435 
 444,712, 2020-10-29 , 22:03:51.331161 
 444,710, 2020-10-29 , 22:03:52.421836 
 444,710, 2020-10-29 , 22:03:53.512801 
 444,708, 2020-10-29 , 22:03:54.603380 
 444,708, 2020-10-29 , 22:03:55.743262 
 444,707, 2020-10-29 , 22:03:56.885370 
 444,705, 2020-10-29 , 22:03:57.975201 
 444,705, 2020-10-29 , 22:03:59.065762 
 444,704, 2020-10-29 , 22:04:00.156431 
 444,704, 2020-10-29 , 22:04:01.246646 
 444,701, 2020-10-29 , 22:04:02.337769 
 444,701, 2020-10-29 , 22:04:03.428505 
 444,698, 2020-10-29 , 22:04:04.519244 
 444,698, 2020-10-29 , 22:04:05.760505 
 444,694, 2020-10-29 , 22:04:06.851173 
 444,692, 2020-10-29 , 22:04:07.941127 
 444,692, 2020-10-29 , 22:04:09.031652 
 444,691, 2020-10-29 , 22:04:10.122107 
 444,691, 2020-10-29 , 22:04:11.213014 
 444,688, 2020-10-29 , 22:04:12.303773 
 444,688, 2020-10-29 , 22:04:13.394106 
 444,685, 2020-10-29 , 22:04:14.484931 
 444,685, 2020-10-29 , 22:04:15.576383 
 444,681, 2020-10-29 , 22:04:16.666842 
 444,681, 2020-10-29 , 22:04:17.807283 
 444,679, 2020-10-29 , 22:04:18.898018 
 444,676, 2020-10-29 , 22:04:19.988296 
 444,676, 2020-10-29 , 22:04:21.080071 
 444,671, 2020-10-29 , 22:04:22.171096 
 444,671, 2020-10-29 , 22:04:23.261307 
 444,670, 2020-10-29 , 22:04:24.351787 
 444,670, 2020-10-29 , 22:04:25.442504 
 444,667, 2020-10-29 , 22:04:26.533009 
 444,667, 2020-10-29 , 22:04:27.622991 
 444,667, 2020-10-29 , 22:04:28.713782 
 444,667, 2020-10-29 , 22:04:29.855550 
 444,665, 2020-10-29 , 22:04:30.996144 
 444,662, 2020-10-29 , 22:04:32.086866 
 444,662, 2020-10-29 , 22:04:33.175703 
 444,660, 2020-10-29 , 22:04:34.268105 
 444,660, 2020-10-29 , 22:04:35.358705 
 444,658, 2020-10-29 , 22:04:36.449464 
 444,658, 2020-10-29 , 22:04:37.539990 
 444,657, 2020-10-29 , 22:04:38.630445 
 444,657, 2020-10-29 , 22:04:39.871658 
 444,656, 2020-10-29 , 22:04:40.961372 
 444,655, 2020-10-29 , 22:04:42.052098 
 444,655, 2020-10-29 , 22:04:43.144037 
 444,654, 2020-10-29 , 22:04:44.234535 
 444,654, 2020-10-29 , 22:04:45.325233 
 444,653, 2020-10-29 , 22:04:46.414793 
 444,653, 2020-10-29 , 22:04:47.507152 
 444,651, 2020-10-29 , 22:04:48.597898 
 444,651, 2020-10-29 , 22:04:49.688286 
 444,651, 2020-10-29 , 22:04:50.778797 
 444,651, 2020-10-29 , 22:04:51.919553 
 444,651, 2020-10-29 , 22:04:53.010412 
 444,649, 2020-10-29 , 22:04:54.100896 
 444,649, 2020-10-29 , 22:04:55.192344 
 444,649, 2020-10-29 , 22:04:56.283352 
 444,649, 2020-10-29 , 22:04:57.373428 
 444,650, 2020-10-29 , 22:04:58.464493 
 444,650, 2020-10-29 , 22:04:59.554153 
 444,650, 2020-10-29 , 22:05:00.645726 
 444,650, 2020-10-29 , 22:05:01.736504 
 444,650, 2020-10-29 , 22:05:02.828162 
 444,650, 2020-10-29 , 22:05:03.968687 
 444,650, 2020-10-29 , 22:05:05.107585 
 444,649, 2020-10-29 , 22:05:06.200150 
 444,649, 2020-10-29 , 22:05:07.290678 
 444,649, 2020-10-29 , 22:05:08.381112 
 444,649, 2020-10-29 , 22:05:09.471918 
 444,649, 2020-10-29 , 22:05:10.561943 
 444,649, 2020-10-29 , 22:05:11.652381 
 444,648, 2020-10-29 , 22:05:12.743299 
 444,648, 2020-10-29 , 22:05:13.983892 
 444,647, 2020-10-29 , 22:05:15.074451 
 444,646, 2020-10-29 , 22:05:16.165174 
 444,646, 2020-10-29 , 22:05:17.256787 
 444,645, 2020-10-29 , 22:05:18.347180 
 444,645, 2020-10-29 , 22:05:19.437641 
 444,645, 2020-10-29 , 22:05:20.528381 
 444,645, 2020-10-29 , 22:05:21.619533 
 444,644, 2020-10-29 , 22:05:22.709748 
 444,644, 2020-10-29 , 22:05:23.800234 
 444,644, 2020-10-29 , 22:05:24.890739 
 444,644, 2020-10-29 , 22:05:26.031396 
 444,643, 2020-10-29 , 22:05:27.121924 
 444,642, 2020-10-29 , 22:05:28.212573 
 444,642, 2020-10-29 , 22:05:29.303804 
 444,641, 2020-10-29 , 22:05:30.394067 
 444,641, 2020-10-29 , 22:05:31.485058 
 444,640, 2020-10-29 , 22:05:32.575333 
 444,640, 2020-10-29 , 22:05:33.666117 
 444,638, 2020-10-29 , 22:05:34.756783 
 444,638, 2020-10-29 , 22:05:35.847509 
 444,636, 2020-10-29 , 22:05:36.937622 
 444,636, 2020-10-29 , 22:05:38.079170 
 444,632, 2020-10-29 , 22:05:39.169511 
 444,630, 2020-10-29 , 22:05:40.260143 
 444,630, 2020-10-29 , 22:05:41.351899 
 444,630, 2020-10-29 , 22:05:42.441830 
 444,630, 2020-10-29 , 22:05:43.532984 
 444,627, 2020-10-29 , 22:05:44.623700 
 444,627, 2020-10-29 , 22:05:45.714492 
 444,624, 2020-10-29 , 22:05:46.804925 
 444,624, 2020-10-29 , 22:05:47.895758 
 444,621, 2020-10-29 , 22:05:48.986327 
 444,621, 2020-10-29 , 22:05:50.126900 
 444,618, 2020-10-29 , 22:05:51.267688 
 444,615, 2020-10-29 , 22:05:52.358270 
 444,615, 2020-10-29 , 22:05:53.449171 
 444,614, 2020-10-29 , 22:05:54.540047 
 444,614, 2020-10-29 , 22:05:55.630955 
 444,612, 2020-10-29 , 22:05:56.720403 
 444,612, 2020-10-29 , 22:05:57.811448 
 444,611, 2020-10-29 , 22:05:58.901900 
 444,611, 2020-10-29 , 22:06:00.143084 
 444,610, 2020-10-29 , 22:06:01.235280 
 444,608, 2020-10-29 , 22:06:02.324545 
 444,608, 2020-10-29 , 22:06:03.416128 
 444,606, 2020-10-29 , 22:06:04.506615 
 444,606, 2020-10-29 , 22:06:05.596848 
 444,605, 2020-10-29 , 22:06:06.687675 
 444,605, 2020-10-29 , 22:06:07.778417 
 444,603, 2020-10-29 , 22:06:08.870507 
 444,603, 2020-10-29 , 22:06:09.960548 
 444,602, 2020-10-29 , 22:06:11.051311 
 444,602, 2020-10-29 , 22:06:12.191668 
 444,601, 2020-10-29 , 22:06:13.282149 
 444,601, 2020-10-29 , 22:06:14.372509 
 444,601, 2020-10-29 , 22:06:15.463744 
 444,600, 2020-10-29 , 22:06:16.555626 
 444,600, 2020-10-29 , 22:06:17.645697 
 444,600, 2020-10-29 , 22:06:18.736817 
 444,600, 2020-10-29 , 22:06:19.826815 
 444,600, 2020-10-29 , 22:06:20.917989 
 444,600, 2020-10-29 , 22:06:22.008449 
 444,600, 2020-10-29 , 22:06:23.100201 
 444,600, 2020-10-29 , 22:06:24.240859 
 444,600, 2020-10-29 , 22:06:25.381701 
 444,600, 2020-10-29 , 22:06:26.472549 
 444,600, 2020-10-29 , 22:06:27.563474 
 444,601, 2020-10-29 , 22:06:28.653988 
 444,601, 2020-10-29 , 22:06:29.744787 
 444,600, 2020-10-29 , 22:06:30.835289 
 444,600, 2020-10-29 , 22:06:31.925891 
 444,601, 2020-10-29 , 22:06:33.017830 
 444,601, 2020-10-29 , 22:06:34.258463 
 444,601, 2020-10-29 , 22:06:35.348893 
 444,601, 2020-10-29 , 22:06:36.439351 
 444,601, 2020-10-29 , 22:06:37.529863 
 444,602, 2020-10-29 , 22:06:38.621577 
 444,602, 2020-10-29 , 22:06:39.712452 
 444,603, 2020-10-29 , 22:06:40.803232 
 444,603, 2020-10-29 , 22:06:41.893814 
 444,604, 2020-10-29 , 22:06:42.984979 
 444,604, 2020-10-29 , 22:06:44.075690 
 444,604, 2020-10-29 , 22:06:45.166283 
 444,604, 2020-10-29 , 22:06:46.305898 
 444,605, 2020-10-29 , 22:06:47.398129 
 444,604, 2020-10-29 , 22:06:48.488848 
 444,604, 2020-10-29 , 22:06:49.579443 
 444,604, 2020-10-29 , 22:06:50.670144 
 444,604, 2020-10-29 , 22:06:51.761101 
 444,605, 2020-10-29 , 22:06:52.851483 
 444,605, 2020-10-29 , 22:06:53.941891 
 444,605, 2020-10-29 , 22:06:55.032699 
 444,605, 2020-10-29 , 22:06:56.124638 
 444,605, 2020-10-29 , 22:06:57.215732 
 444,605, 2020-10-29 , 22:06:58.355445 
 444,605, 2020-10-29 , 22:06:59.497333 
 444,605, 2020-10-29 , 22:07:00.587692 
 444,605, 2020-10-29 , 22:07:01.678277 
 444,605, 2020-10-29 , 22:07:02.767984 
 444,605, 2020-10-29 , 22:07:03.859247 
 444,605, 2020-10-29 , 22:07:04.951032 
 444,605, 2020-10-29 , 22:07:06.041507 
 444,604, 2020-10-29 , 22:07:07.131974 
 444,604, 2020-10-29 , 22:07:09.463885 
 444,604, 2020-10-29 , 22:07:10.554584 
 444,604, 2020-10-29 , 22:07:11.644985 
 444,603, 2020-10-29 , 22:07:12.735758 
 444,603, 2020-10-29 , 22:07:13.826170 
 444,603, 2020-10-29 , 22:07:14.917819 
 444,603, 2020-10-29 , 22:07:16.008298 
 444,602, 2020-10-29 , 22:07:17.099423 
 444,602, 2020-10-29 , 22:07:18.189910 
 444,602, 2020-10-29 , 22:07:19.280453 
 444,602, 2020-10-29 , 22:07:20.421037 
 444,601, 2020-10-29 , 22:07:21.512889 
 444,601, 2020-10-29 , 22:07:22.603242 
 444,601, 2020-10-29 , 22:07:23.694305 
 444,600, 2020-10-29 , 22:07:24.785559 
 444,600, 2020-10-29 , 22:07:25.876108 
 444,599, 2020-10-29 , 22:07:26.966588 
 444,599, 2020-10-29 , 22:07:28.058327 
 444,598, 2020-10-29 , 22:07:29.148242 
 444,598, 2020-10-29 , 22:07:30.239517 
 444,597, 2020-10-29 , 22:07:31.331268 
 444,597, 2020-10-29 , 22:07:32.471846 
 444,596, 2020-10-29 , 22:07:33.612406 
 444,594, 2020-10-29 , 22:07:34.702121 
 444,594, 2020-10-29 , 22:07:35.794682 
 444,594, 2020-10-29 , 22:07:36.885179 
 444,594, 2020-10-29 , 22:07:37.975628 
 444,592, 2020-10-29 , 22:07:39.066312 
 444,592, 2020-10-29 , 22:07:40.158116 
 444,591, 2020-10-29 , 22:07:41.248738 
 444,591, 2020-10-29 , 22:07:42.489641 
 444,589, 2020-10-29 , 22:07:43.580050 
 444,589, 2020-10-29 , 22:07:44.670655 
 444,589, 2020-10-29 , 22:07:45.761519 
 444,588, 2020-10-29 , 22:07:46.852580 
 444,588, 2020-10-29 , 22:07:47.943860 
 444,587, 2020-10-29 , 22:07:49.033740 
 444,587, 2020-10-29 , 22:07:50.124960 
 444,586, 2020-10-29 , 22:07:51.216927 
 444,586, 2020-10-29 , 22:07:52.307607 
 444,585, 2020-10-29 , 22:07:53.398114 
 444,585, 2020-10-29 , 22:07:54.538639 
 444,585, 2020-10-29 , 22:07:55.679905 
 444,584, 2020-10-29 , 22:07:56.771334 
 444,584, 2020-10-29 , 22:07:57.861922 
 444,584, 2020-10-29 , 22:07:58.952558 
 444,584, 2020-10-29 , 22:08:00.043035 
 444,583, 2020-10-29 , 22:08:01.134475 
 444,583, 2020-10-29 , 22:08:02.225772 
 444,582, 2020-10-29 , 22:08:03.316155 
 444,582, 2020-10-29 , 22:08:04.556976 
 444,582, 2020-10-29 , 22:08:05.647437 
 444,581, 2020-10-29 , 22:08:06.739012 
 444,581, 2020-10-29 , 22:08:07.829722 
 444,580, 2020-10-29 , 22:08:08.920384 
 444,580, 2020-10-29 , 22:08:10.010823 
 444,578, 2020-10-29 , 22:08:11.102676 
 444,578, 2020-10-29 , 22:08:12.193367 
 444,578, 2020-10-29 , 22:08:13.283886 
 444,578, 2020-10-29 , 22:08:14.375857 
 444,577, 2020-10-29 , 22:08:15.466238 
 444,577, 2020-10-29 , 22:08:16.606736 
 444,576, 2020-10-29 , 22:08:17.697314 
 444,576, 2020-10-29 , 22:08:18.789063 
 444,576, 2020-10-29 , 22:08:19.879370 
 444,576, 2020-10-29 , 22:08:20.971092 
 444,576, 2020-10-29 , 22:08:22.061577 
 444,574, 2020-10-29 , 22:08:23.152396 
 444,574, 2020-10-29 , 22:08:24.242937 
 444,573, 2020-10-29 , 22:08:25.333652 
 444,573, 2020-10-29 , 22:08:26.425811 
 444,573, 2020-10-29 , 22:08:27.516225 
 444,573, 2020-10-29 , 22:08:28.655994 
 444,572, 2020-10-29 , 22:08:29.798547 
 444,572, 2020-10-29 , 22:08:30.889155 
 444,572, 2020-10-29 , 22:08:31.979708 
 444,571, 2020-10-29 , 22:08:33.071638 
 444,571, 2020-10-29 , 22:08:34.161344 
 444,571, 2020-10-29 , 22:08:35.252386 
 444,571, 2020-10-29 , 22:08:36.343150 
 444,571, 2020-10-29 , 22:08:37.435137 
 444,571, 2020-10-29 , 22:08:38.675786 
 444,571, 2020-10-29 , 22:08:39.765563 
 444,570, 2020-10-29 , 22:08:41.947792 
 444,570, 2020-10-29 , 22:08:43.039530 
 444,570, 2020-10-29 , 22:08:44.129389 
 444,569, 2020-10-29 , 22:08:45.220480 
 444,569, 2020-10-29 , 22:08:46.311939 
 444,568, 2020-10-29 , 22:08:47.402550 
 444,568, 2020-10-29 , 22:08:48.494450 
 444,568, 2020-10-29 , 22:08:49.585394 
 444,568, 2020-10-29 , 22:08:50.726147 
 444,567, 2020-10-29 , 22:08:51.866590 
 444,566, 2020-10-29 , 22:08:52.958400 
 444,566, 2020-10-29 , 22:08:54.049003 
 444,565, 2020-10-29 , 22:08:55.139779 
 444,565, 2020-10-29 , 22:08:56.230663 
 444,564, 2020-10-29 , 22:08:57.322078 
 444,564, 2020-10-29 , 22:08:58.412474 
 444,562, 2020-10-29 , 22:08:59.504164 
 444,562, 2020-10-29 , 22:09:00.745126 
 444,562, 2020-10-29 , 22:09:01.835195 
 444,561, 2020-10-29 , 22:09:02.925927 
 444,561, 2020-10-29 , 22:09:04.017487 
 444,560, 2020-10-29 , 22:09:05.107940 
 444,560, 2020-10-29 , 22:09:06.198449 
 444,559, 2020-10-29 , 22:09:07.290194 
 444,559, 2020-10-29 , 22:09:08.380785 
 444,558, 2020-10-29 , 22:09:09.471317 
 444,558, 2020-10-29 , 22:09:10.562873 
 444,557, 2020-10-29 , 22:09:11.653310 
 444,557, 2020-10-29 , 22:09:12.793176 
 444,557, 2020-10-29 , 22:09:13.885557 
 444,556, 2020-10-29 , 22:09:14.976424 
 444,556, 2020-10-29 , 22:09:16.067200 
 444,555, 2020-10-29 , 22:09:17.157788 
 444,555, 2020-10-29 , 22:09:18.248903 
 444,554, 2020-10-29 , 22:09:19.340015 
 444,554, 2020-10-29 , 22:09:20.430653 
 444,553, 2020-10-29 , 22:09:21.521249 
 444,553, 2020-10-29 , 22:09:22.613368 
 444,552, 2020-10-29 , 22:09:23.703818 
 444,551, 2020-10-29 , 22:09:25.985841 
 444,550, 2020-10-29 , 22:09:27.076303 
 444,550, 2020-10-29 , 22:09:28.168176 
 444,547, 2020-10-29 , 22:09:29.257809 
 444,547, 2020-10-29 , 22:09:30.349353 
 444,546, 2020-10-29 , 22:09:31.439671 
 444,546, 2020-10-29 , 22:09:32.531398 
 444,545, 2020-10-29 , 22:09:33.621937 
 444,545, 2020-10-29 , 22:09:34.862577 
 444,544, 2020-10-29 , 22:09:35.954544 
 444,542, 2020-10-29 , 22:09:37.045211 
 444,542, 2020-10-29 , 22:09:38.135691 
 444,541, 2020-10-29 , 22:09:39.226447 
 444,541, 2020-10-29 , 22:09:40.316549 
 444,540, 2020-10-29 , 22:09:41.407951 
 444,540, 2020-10-29 , 22:09:42.498570 
 444,539, 2020-10-29 , 22:09:43.590387 
 444,539, 2020-10-29 , 22:09:44.681023 
 444,538, 2020-10-29 , 22:09:45.771780 
 444,538, 2020-10-29 , 22:09:46.913259 
 444,537, 2020-10-29 , 22:09:48.055323 
 444,536, 2020-10-29 , 22:09:49.144363 
 444,536, 2020-10-29 , 22:09:50.234792 
 444,535, 2020-10-29 , 22:09:51.325572 
 444,535, 2020-10-29 , 22:09:52.417001 
 444,533, 2020-10-29 , 22:09:53.507537 
 444,533, 2020-10-29 , 22:09:54.598036 
 444,533, 2020-10-29 , 22:09:55.689733 
 444,533, 2020-10-29 , 22:09:56.929609 
 444,533, 2020-10-29 , 22:09:58.021255 
 444,533, 2020-10-29 , 22:09:59.111901 
 444,533, 2020-10-29 , 22:10:00.203979 
 444,532, 2020-10-29 , 22:10:01.293368 
 444,532, 2020-10-29 , 22:10:02.384978 
 444,532, 2020-10-29 , 22:10:03.476010 
 444,532, 2020-10-29 , 22:10:04.566053 
 444,531, 2020-10-29 , 22:10:05.656552 
 444,531, 2020-10-29 , 22:10:06.748321 
 444,530, 2020-10-29 , 22:10:07.838777 
 444,530, 2020-10-29 , 22:10:08.979370 
 444,530, 2020-10-29 , 22:10:10.071025 
 444,529, 2020-10-29 , 22:10:11.161517 
 444,529, 2020-10-29 , 22:10:12.251739 
 444,529, 2020-10-29 , 22:10:13.342626 
 444,529, 2020-10-29 , 22:10:14.433504 
 444,528, 2020-10-29 , 22:10:15.525333 
 444,528, 2020-10-29 , 22:10:16.615588 
 444,528, 2020-10-29 , 22:10:17.705985 
 444,528, 2020-10-29 , 22:10:18.796769 
 444,527, 2020-10-29 , 22:10:19.888696 
 444,527, 2020-10-29 , 22:10:21.028190 
 444,527, 2020-10-29 , 22:10:22.169833 
 444,527, 2020-10-29 , 22:10:23.261159 
 444,527, 2020-10-29 , 22:10:24.351762 
 444,525, 2020-10-29 , 22:10:25.442393 
 444,525, 2020-10-29 , 22:10:26.533018 
 444,525, 2020-10-29 , 22:10:27.625042 
 444,525, 2020-10-29 , 22:10:28.714817 
 444,524, 2020-10-29 , 22:10:29.805134 
 444,524, 2020-10-29 , 22:10:31.047138 
 444,524, 2020-10-29 , 22:10:32.138276 
 444,523, 2020-10-29 , 22:10:33.228852 
 444,523, 2020-10-29 , 22:10:34.319285 
 444,522, 2020-10-29 , 22:10:35.410042 
 444,522, 2020-10-29 , 22:10:36.501536 
 444,522, 2020-10-29 , 22:10:37.592112 
 444,522, 2020-10-29 , 22:10:38.682738 
 444,521, 2020-10-29 , 22:10:39.774407 
 444,521, 2020-10-29 , 22:10:40.863616 
 444,521, 2020-10-29 , 22:10:41.955430 
 444,521, 2020-10-29 , 22:10:43.096001 
 444,521, 2020-10-29 , 22:10:44.186635 
 444,520, 2020-10-29 , 22:10:45.277396 
 444,520, 2020-10-29 , 22:10:46.368178 
 444,518, 2020-10-29 , 22:10:47.459968 
 444,518, 2020-10-29 , 22:10:48.550837 
 444,517, 2020-10-29 , 22:10:49.641066 
 444,517, 2020-10-29 , 22:10:50.732922 
 444,516, 2020-10-29 , 22:10:51.822810 
 444,516, 2020-10-29 , 22:10:52.913922 
 444,515, 2020-10-29 , 22:10:54.004975 
 444,515, 2020-10-29 , 22:10:55.147311 
 444,514, 2020-10-29 , 22:10:56.287397 
 444,514, 2020-10-29 , 22:10:57.378117 
 444,514, 2020-10-29 , 22:10:58.468797 
 444,512, 2020-10-29 , 22:10:59.559338 
 444,512, 2020-10-29 , 22:11:00.649812 
 444,511, 2020-10-29 , 22:11:01.741616 
 444,511, 2020-10-29 , 22:11:02.832062 
 444,511, 2020-10-29 , 22:11:03.922538 
 444,511, 2020-10-29 , 22:11:05.163688 
 444,510, 2020-10-29 , 22:11:06.255693 
 444,509, 2020-10-29 , 22:11:07.345672 
 444,509, 2020-10-29 , 22:11:08.436090 
 444,508, 2020-10-29 , 22:11:09.527809 
 444,508, 2020-10-29 , 22:11:10.618242 
 444,508, 2020-10-29 , 22:11:11.709243 
 444,508, 2020-10-29 , 22:11:12.799676 
 444,508, 2020-10-29 , 22:11:13.891205 
 444,508, 2020-10-29 , 22:11:14.981700 
 444,508, 2020-10-29 , 22:11:16.072527 
 444,508, 2020-10-29 , 22:11:17.214196 
 444,508, 2020-10-29 , 22:11:18.303839 
 444,507, 2020-10-29 , 22:11:19.395309 
 444,507, 2020-10-29 , 22:11:20.485458 
 444,507, 2020-10-29 , 22:11:21.577146 
 444,507, 2020-10-29 , 22:11:22.667687 
 444,506, 2020-10-29 , 22:11:23.757489 
 444,506, 2020-10-29 , 22:11:24.849921 
 444,505, 2020-10-29 , 22:11:25.940387 
 444,505, 2020-10-29 , 22:11:27.031296 
 444,504, 2020-10-29 , 22:11:28.121636 
 444,504, 2020-10-29 , 22:11:29.262233 
 444,504, 2020-10-29 , 22:11:30.404501 
 444,504, 2020-10-29 , 22:11:31.495003 
 444,504, 2020-10-29 , 22:11:32.585361 
 444,504, 2020-10-29 , 22:11:33.675986 
 444,504, 2020-10-29 , 22:11:34.767405 
 444,504, 2020-10-29 , 22:11:35.858028 
 444,504, 2020-10-29 , 22:11:36.948579 
 444,504, 2020-10-29 , 22:11:38.040180 
 444,504, 2020-10-29 , 22:11:39.280688 
 444,502, 2020-10-29 , 22:11:40.371276 
 444,502, 2020-10-29 , 22:11:41.461723 
 444,502, 2020-10-29 , 22:11:42.553483 
 444,501, 2020-10-29 , 22:11:43.643982 
 444,501, 2020-10-29 , 22:11:44.734971 
 444,500, 2020-10-29 , 22:11:45.825320 
 444,500, 2020-10-29 , 22:11:46.916914 
 444,500, 2020-10-29 , 22:11:48.007613 
 444,500, 2020-10-29 , 22:11:49.098089 
 444,499, 2020-10-29 , 22:11:50.188414 
 444,499, 2020-10-29 , 22:11:51.329598 
 444,499, 2020-10-29 , 22:11:52.472016 
 444,499, 2020-10-29 , 22:11:53.562098 
 444,499, 2020-10-29 , 22:11:54.652797 
 444,499, 2020-10-29 , 22:11:55.743129 
 444,499, 2020-10-29 , 22:11:56.833565 
 444,499, 2020-10-29 , 22:11:57.925555 
 444,499, 2020-10-29 , 22:11:59.016045 
 444,498, 2020-10-29 , 22:12:00.106498 
 444,498, 2020-10-29 , 22:12:01.348460 
 444,498, 2020-10-29 , 22:12:02.442407 
 444,497, 2020-10-29 , 22:12:03.529264 
 444,497, 2020-10-29 , 22:12:04.619727 
 444,497, 2020-10-29 , 22:12:05.711635 
 444,497, 2020-10-29 , 22:12:06.802424 
 444,496, 2020-10-29 , 22:12:07.893076 
 444,496, 2020-10-29 , 22:12:08.984856 
 444,495, 2020-10-29 , 22:12:10.075328 
 444,495, 2020-10-29 , 22:12:11.165849 
 444,495, 2020-10-29 , 22:12:12.257480 
 444,495, 2020-10-29 , 22:12:13.398048 
 444,494, 2020-10-29 , 22:12:14.488571 
 444,493, 2020-10-29 , 22:12:15.579153 
 444,493, 2020-10-29 , 22:12:16.672835 
 444,493, 2020-10-29 , 22:12:17.760767 
 444,493, 2020-10-29 , 22:12:18.852357 
 444,493, 2020-10-29 , 22:12:19.943212 
 444,493, 2020-10-29 , 22:12:21.033981 
 444,493, 2020-10-29 , 22:12:22.125121 
 444,493, 2020-10-29 , 22:12:23.215229 
 444,493, 2020-10-29 , 22:12:24.306926 
 444,493, 2020-10-29 , 22:12:25.447444 
 444,492, 2020-10-29 , 22:12:26.588049 
 444,491, 2020-10-29 , 22:12:28.769836 
 444,491, 2020-10-29 , 22:12:29.861473 
 444,491, 2020-10-29 , 22:12:30.952153 
 444,491, 2020-10-29 , 22:12:32.042713 
 444,491, 2020-10-29 , 22:12:33.133734 
 444,491, 2020-10-29 , 22:12:34.225075 
 444,491, 2020-10-29 , 22:12:35.465772 
 444,490, 2020-10-29 , 22:12:36.557260 
 444,490, 2020-10-29 , 22:12:37.647709 
 444,490, 2020-10-29 , 22:12:38.738163 
 444,490, 2020-10-29 , 22:12:39.829957 
 444,490, 2020-10-29 , 22:12:40.920385 
 444,489, 2020-10-29 , 22:12:42.010973 
 444,489, 2020-10-29 , 22:12:43.102641 
 444,489, 2020-10-29 , 22:12:44.193524 
 444,489, 2020-10-29 , 22:12:45.284432 
 444,489, 2020-10-29 , 22:12:46.375029 
 444,489, 2020-10-29 , 22:12:47.515555 
 444,489, 2020-10-29 , 22:12:48.657275 
 444,489, 2020-10-29 , 22:12:49.748120 
 444,489, 2020-10-29 , 22:12:50.838059 
 444,488, 2020-10-29 , 22:12:51.929975 
 444,488, 2020-10-29 , 22:12:53.020813 
 444,488, 2020-10-29 , 22:12:54.110998 
 444,488, 2020-10-29 , 22:12:55.202334 
 444,488, 2020-10-29 , 22:12:56.293266 
 444,488, 2020-10-29 , 22:12:57.533683 
 444,487, 2020-10-29 , 22:12:58.625417 
 444,487, 2020-10-29 , 22:12:59.715788 
 444,487, 2020-10-29 , 22:13:00.806502 
 444,486, 2020-10-29 , 22:13:01.898246 
 444,486, 2020-10-29 , 22:13:02.988218 
 444,485, 2020-10-29 , 22:13:04.080073 
 444,485, 2020-10-29 , 22:13:05.170815 
 444,484, 2020-10-29 , 22:13:06.261550 
 444,484, 2020-10-29 , 22:13:07.352174 
 444,483, 2020-10-29 , 22:13:08.444025 
 444,483, 2020-10-29 , 22:13:09.584738 
 444,483, 2020-10-29 , 22:13:10.675112 
 444,483, 2020-10-29 , 22:13:11.766872 
 444,483, 2020-10-29 , 22:13:12.857767 
 444,483, 2020-10-29 , 22:13:13.948604 
 444,483, 2020-10-29 , 22:13:15.039336 
 444,483, 2020-10-29 , 22:13:16.131102 
 444,483, 2020-10-29 , 22:13:17.221958 
 444,482, 2020-10-29 , 22:13:18.312556 
 444,482, 2020-10-29 , 22:13:19.404411 
 444,481, 2020-10-29 , 22:13:20.495233 
 444,481, 2020-10-29 , 22:13:21.635639 
 444,480, 2020-10-29 , 22:13:22.776979 
 444,479, 2020-10-29 , 22:13:23.866822 
 444,479, 2020-10-29 , 22:13:24.958220 
 444,478, 2020-10-29 , 22:13:26.048673 
 444,478, 2020-10-29 , 22:13:27.141041 
 444,478, 2020-10-29 , 22:13:28.231559 
 444,478, 2020-10-29 , 22:13:29.322044 
 444,477, 2020-10-29 , 22:13:30.413780 
 444,477, 2020-10-29 , 22:13:31.653917 
 444,477, 2020-10-29 , 22:13:32.745719 
 444,477, 2020-10-29 , 22:13:33.836067 
 444,477, 2020-10-29 , 22:13:34.927265 
 444,476, 2020-10-29 , 22:13:37.108484 
 444,476, 2020-10-29 , 22:13:38.200010 
 444,476, 2020-10-29 , 22:13:39.291023 
 444,476, 2020-10-29 , 22:13:40.382386 
 444,476, 2020-10-29 , 22:13:41.472878 
 444,475, 2020-10-29 , 22:13:42.564869 
 444,475, 2020-10-29 , 22:13:43.705584 
 444,475, 2020-10-29 , 22:13:44.846954 
 444,475, 2020-10-29 , 22:13:45.937533 
 444,475, 2020-10-29 , 22:13:47.027778 
 444,474, 2020-10-29 , 22:13:48.119750 
 444,474, 2020-10-29 , 22:13:49.210232 
 444,473, 2020-10-29 , 22:13:50.301983 
 444,473, 2020-10-29 , 22:13:51.392743 
 444,472, 2020-10-29 , 22:13:52.483325 
 444,472, 2020-10-29 , 22:13:53.725470 
 444,472, 2020-10-29 , 22:13:54.815760 
 444,471, 2020-10-29 , 22:13:55.906962 
 444,471, 2020-10-29 , 22:13:56.997610 
 444,471, 2020-10-29 , 22:13:58.088042 
 444,471, 2020-10-29 , 22:13:59.179160 
 444,470, 2020-10-29 , 22:14:00.269819 
 444,470, 2020-10-29 , 22:14:01.361778 
 444,469, 2020-10-29 , 22:14:02.452113 
 444,469, 2020-10-29 , 22:14:03.542651 
 444,468, 2020-10-29 , 22:14:04.634484 
 444,468, 2020-10-29 , 22:14:05.775090 
 444,468, 2020-10-29 , 22:14:06.865735 
 444,468, 2020-10-29 , 22:14:07.957071 
 444,468, 2020-10-29 , 22:14:09.047558 
 444,467, 2020-10-29 , 22:14:10.139291 
 444,467, 2020-10-29 , 22:14:11.229770 
 444,467, 2020-10-29 , 22:14:12.320526 
 444,467, 2020-10-29 , 22:14:13.411268 
 444,467, 2020-10-29 , 22:14:14.500768 
 444,467, 2020-10-29 , 22:14:15.593273 
 444,466, 2020-10-29 , 22:14:16.683789 
 444,466, 2020-10-29 , 22:14:17.825201 
 444,465, 2020-10-29 , 22:14:18.967014 
 444,464, 2020-10-29 , 22:14:20.056555 
 444,464, 2020-10-29 , 22:14:21.147342 
 444,464, 2020-10-29 , 22:14:22.238102 
 444,464, 2020-10-29 , 22:14:23.328442 
 444,464, 2020-10-29 , 22:14:24.420624 
 444,464, 2020-10-29 , 22:14:25.511153 
 444,464, 2020-10-29 , 22:14:26.601920 
 444,464, 2020-10-29 , 22:14:27.842202 
 444,463, 2020-10-29 , 22:14:28.932817 
 444,463, 2020-10-29 , 22:14:30.023925 
 444,463, 2020-10-29 , 22:14:31.115354 
 444,462, 2020-10-29 , 22:14:32.205840 
 444,462, 2020-10-29 , 22:14:33.297541 
 444,462, 2020-10-29 , 22:14:34.388104 
 444,462, 2020-10-29 , 22:14:35.478854 
 444,461, 2020-10-29 , 22:14:36.570538 
 444,461, 2020-10-29 , 22:14:37.661011 
 444,461, 2020-10-29 , 22:14:38.751484 
 444,461, 2020-10-29 , 22:14:39.892048 
 444,461, 2020-10-29 , 22:14:41.033787 
 444,461, 2020-10-29 , 22:14:42.124622 
 444,461, 2020-10-29 , 22:14:43.215105 
 444,460, 2020-10-29 , 22:14:44.306602 
 444,460, 2020-10-29 , 22:14:45.397012 
 444,460, 2020-10-29 , 22:14:46.487895 
 444,460, 2020-10-29 , 22:14:47.578751 
 444,459, 2020-10-29 , 22:14:48.669232 
 444,459, 2020-10-29 , 22:14:49.911352 
 444,459, 2020-10-29 , 22:14:51.002224 
 444,458, 2020-10-29 , 22:14:52.092431 
 444,458, 2020-10-29 , 22:14:53.182976 
 444,456, 2020-10-29 , 22:14:54.275139 
 444,456, 2020-10-29 , 22:14:55.365586 
 444,456, 2020-10-29 , 22:14:56.456706 
 444,456, 2020-10-29 , 22:14:57.547546 
 444,455, 2020-10-29 , 22:14:58.638508 
 444,455, 2020-10-29 , 22:14:59.729042 
 444,454, 2020-10-29 , 22:15:00.819843 
 444,454, 2020-10-29 , 22:15:01.961051 
 444,454, 2020-10-29 , 22:15:03.052860 
 444,453, 2020-10-29 , 22:15:04.143591 
 444,453, 2020-10-29 , 22:15:05.233540 
 444,453, 2020-10-29 , 22:15:06.325210 
 444,453, 2020-10-29 , 22:15:07.415806 
 444,453, 2020-10-29 , 22:15:08.507801 
 444,453, 2020-10-29 , 22:15:09.598284 
 444,453, 2020-10-29 , 22:15:10.688719 
 444,453, 2020-10-29 , 22:15:11.780349 
 444,453, 2020-10-29 , 22:15:12.870971 
 444,453, 2020-10-29 , 22:15:14.011300 
 444,452, 2020-10-29 , 22:15:15.153339 
 444,452, 2020-10-29 , 22:15:16.243643 
 444,452, 2020-10-29 , 22:15:17.334965 
 444,451, 2020-10-29 , 22:15:18.425760 
 444,451, 2020-10-29 , 22:15:19.516705 
 444,450, 2020-10-29 , 22:15:20.606625 
 444,450, 2020-10-29 , 22:15:21.698531 
 444,449, 2020-10-29 , 22:15:22.789197 
 444,449, 2020-10-29 , 22:15:24.029610 
 444,448, 2020-10-29 , 22:15:25.121206 
 444,448, 2020-10-29 , 22:15:26.211778 
 444,448, 2020-10-29 , 22:15:27.302407 
 444,448, 2020-10-29 , 22:15:28.393561 
 444,448, 2020-10-29 , 22:15:29.485061 
 444,448, 2020-10-29 , 22:15:30.575624 
 444,448, 2020-10-29 , 22:15:31.666549 
 444,447, 2020-10-29 , 22:15:32.757470 
 444,447, 2020-10-29 , 22:15:33.847955 
 444,447, 2020-10-29 , 22:15:34.938833 
 444,447, 2020-10-29 , 22:15:36.080726 
 444,446, 2020-10-29 , 22:15:37.221368 
 444,446, 2020-10-29 , 22:15:38.312028 
 444,446, 2020-10-29 , 22:15:39.402744 
 444,445, 2020-10-29 , 22:15:40.494559 
 444,445, 2020-10-29 , 22:15:41.585274 
 444,445, 2020-10-29 , 22:15:42.675783 
 444,445, 2020-10-29 , 22:15:43.766777 
 444,445, 2020-10-29 , 22:15:44.858002 
 444,445, 2020-10-29 , 22:15:46.099791 
 444,445, 2020-10-29 , 22:15:47.190243 
 444,445, 2020-10-29 , 22:15:48.282063 
 444,445, 2020-10-29 , 22:15:49.372444 
 444,445, 2020-10-29 , 22:15:50.463046 
 444,445, 2020-10-29 , 22:15:51.555002 
 444,444, 2020-10-29 , 22:15:52.645445 
 444,444, 2020-10-29 , 22:15:53.735929 
 444,444, 2020-10-29 , 22:15:54.828085 
 444,444, 2020-10-29 , 22:15:55.917999 
 444,444, 2020-10-29 , 22:15:57.009362 
 444,444, 2020-10-29 , 22:15:58.150813 
 444,443, 2020-10-29 , 22:15:59.241686 
 444,442, 2020-10-29 , 22:16:00.331943 
 444,442, 2020-10-29 , 22:16:01.423258 
 444,442, 2020-10-29 , 22:16:02.515163 
 444,442, 2020-10-29 , 22:16:03.605838 
 444,442, 2020-10-29 , 22:16:04.696393 
 444,442, 2020-10-29 , 22:16:05.786485 
 444,441, 2020-10-29 , 22:16:06.879237 
 444,441, 2020-10-29 , 22:16:07.969752 
 444,440, 2020-10-29 , 22:16:09.060268 
 444,440, 2020-10-29 , 22:16:10.201975 
 444,440, 2020-10-29 , 22:16:11.292335 
 444,440, 2020-10-29 , 22:16:12.383082 
 444,440, 2020-10-29 , 22:16:13.475225 
 444,441, 2020-10-29 , 22:16:14.565145 
 444,441, 2020-10-29 , 22:16:15.656679 
 444,441, 2020-10-29 , 22:16:16.747567 
 444,441, 2020-10-29 , 22:16:17.838035 
 444,441, 2020-10-29 , 22:16:18.928568 
 444,441, 2020-10-29 , 22:16:20.020416 
 444,440, 2020-10-29 , 22:16:21.110884 
 444,440, 2020-10-29 , 22:16:22.201387 
 444,440, 2020-10-29 , 22:16:23.293141 
 444,440, 2020-10-29 , 22:16:24.383961 
 444,440, 2020-10-29 , 22:16:25.474592 
 444,440, 2020-10-29 , 22:16:26.566116 
 444,440, 2020-10-29 , 22:16:27.656606 
 444,440, 2020-10-29 , 22:16:28.747037 
 444,440, 2020-10-29 , 22:16:29.837950 
 444,439, 2020-10-29 , 22:16:30.929827 
 444,439, 2020-10-29 , 22:16:32.020643 
 444,439, 2020-10-29 , 22:16:33.111201 
 444,439, 2020-10-29 , 22:16:34.252116 
 444,439, 2020-10-29 , 22:16:35.343962 
 444,439, 2020-10-29 , 22:16:36.434634 
 444,439, 2020-10-29 , 22:16:37.524369 
 444,439, 2020-10-29 , 22:16:38.616794 
 444,439, 2020-10-29 , 22:16:39.707410 
 444,438, 2020-10-29 , 22:16:40.797889 
 444,438, 2020-10-29 , 22:16:41.889716 
 444,438, 2020-10-29 , 22:16:42.979479 
 444,438, 2020-10-29 , 22:16:44.070738 
 444,438, 2020-10-29 , 22:16:45.161457 
 444,438, 2020-10-29 , 22:16:46.303202 
 444,438, 2020-10-29 , 22:16:47.393703 
 444,438, 2020-10-29 , 22:16:48.485712 
 444,438, 2020-10-29 , 22:16:49.576219 
 444,438, 2020-10-29 , 22:16:50.666788 
 444,438, 2020-10-29 , 22:16:51.757285 
 444,438, 2020-10-29 , 22:16:52.849110 
 444,438, 2020-10-29 , 22:16:53.939653 
 444,438, 2020-10-29 , 22:16:55.030532 
 444,438, 2020-10-29 , 22:16:56.121178 
 444,438, 2020-10-29 , 22:16:57.213032 
 444,438, 2020-10-29 , 22:16:58.353533 
 444,438, 2020-10-29 , 22:16:59.444007 
 444,438, 2020-10-29 , 22:17:00.536096 
 444,438, 2020-10-29 , 22:17:01.626034 
 444,437, 2020-10-29 , 22:17:02.717934 
 444,437, 2020-10-29 , 22:17:03.808700 
 444,437, 2020-10-29 , 22:17:04.898822 
 444,437, 2020-10-29 , 22:17:05.990664 
 444,437, 2020-10-29 , 22:17:07.080417 
 444,437, 2020-10-29 , 22:17:08.172698 
 444,437, 2020-10-29 , 22:17:09.263370 
 444,437, 2020-10-29 , 22:17:10.405508 
 444,437, 2020-10-29 , 22:17:11.495643 
 444,437, 2020-10-29 , 22:17:12.586156 
 444,437, 2020-10-29 , 22:17:13.676904 
 444,437, 2020-10-29 , 22:17:14.768075 
 444,437, 2020-10-29 , 22:17:15.859509 
 444,437, 2020-10-29 , 22:17:16.951129 
 444,437, 2020-10-29 , 22:17:18.041505 
 444,436, 2020-10-29 , 22:17:19.133215 
 444,436, 2020-10-29 , 22:17:20.223622 
 444,436, 2020-10-29 , 22:17:21.314140 
 444,436, 2020-10-29 , 22:17:22.406135 
 444,436, 2020-10-29 , 22:17:23.496841 
 444,435, 2020-10-29 , 22:17:24.587348 
 444,435, 2020-10-29 , 22:17:25.678600 
 444,435, 2020-10-29 , 22:17:26.770829 
 444,435, 2020-10-29 , 22:17:27.861265 
 444,435, 2020-10-29 , 22:17:28.951681 
 444,435, 2020-10-29 , 22:17:30.042275 
 444,435, 2020-10-29 , 22:17:31.134023 
 444,435, 2020-10-29 , 22:17:32.225112 
 444,435, 2020-10-29 , 22:17:33.315975 
 444,435, 2020-10-29 , 22:17:34.456854 
 444,435, 2020-10-29 , 22:17:35.548404 
 444,435, 2020-10-29 , 22:17:36.639001 
 444,435, 2020-10-29 , 22:17:37.729701 
 444,435, 2020-10-29 , 22:17:38.820463 
 444,435, 2020-10-29 , 22:17:39.912177 
 444,435, 2020-10-29 , 22:17:41.002681 
 444,435, 2020-10-29 , 22:17:42.093131 
 444,435, 2020-10-29 , 22:17:43.185140 
 444,435, 2020-10-29 , 22:17:44.275688 
 444,435, 2020-10-29 , 22:17:45.366588 
 444,435, 2020-10-29 , 22:17:46.506919 
 444,435, 2020-10-29 , 22:17:47.598467 
 444,435, 2020-10-29 , 22:17:48.689559 
 444,435, 2020-10-29 , 22:17:49.781287 
 444,435, 2020-10-29 , 22:17:50.871900 
 444,435, 2020-10-29 , 22:17:51.961900 
 444,435, 2020-10-29 , 22:17:53.054454 
 444,435, 2020-10-29 , 22:17:54.145276 
 444,435, 2020-10-29 , 22:17:55.235800 
 444,435, 2020-10-29 , 22:17:56.327746 
 444,435, 2020-10-29 , 22:17:57.418930 
 444,435, 2020-10-29 , 22:17:58.559751 
 444,435, 2020-10-29 , 22:17:59.700253 
 444,435, 2020-10-29 , 22:18:00.790957 
 444,435, 2020-10-29 , 22:18:01.882987 
 444,435, 2020-10-29 , 22:18:02.973830 
 444,435, 2020-10-29 , 22:18:04.064572 
 444,435, 2020-10-29 , 22:18:05.156191 
 444,435, 2020-10-29 , 22:18:06.247209 
 444,435, 2020-10-29 , 22:18:07.337495 
 444,435, 2020-10-29 , 22:18:08.579583 
 444,435, 2020-10-29 , 22:18:09.670879 
 444,435, 2020-10-29 , 22:18:10.761152 
 444,435, 2020-10-29 , 22:18:11.851615 
 444,435, 2020-10-29 , 22:18:12.943650 
 444,435, 2020-10-29 , 22:18:14.034211 
 444,435, 2020-10-29 , 22:18:15.125253 
 444,435, 2020-10-29 , 22:18:16.216023 
 444,435, 2020-10-29 , 22:18:17.307535 
 444,435, 2020-10-29 , 22:18:18.398565 
 444,435, 2020-10-29 , 22:18:19.488928 
 444,435, 2020-10-29 , 22:18:20.629711 
 444,435, 2020-10-29 , 22:18:21.771910 
 444,434, 2020-10-29 , 22:18:22.862569 
 444,434, 2020-10-29 , 22:18:23.952741 
 444,434, 2020-10-29 , 22:18:25.044608 
 444,434, 2020-10-29 , 22:18:26.136374 
 444,434, 2020-10-29 , 22:18:27.226632 
 444,434, 2020-10-29 , 22:18:28.318296 
 444,434, 2020-10-29 , 22:18:29.409019 
 444,434, 2020-10-29 , 22:18:30.649347 
 444,434, 2020-10-29 , 22:18:31.740023 
 444,434, 2020-10-29 , 22:18:32.831676 
 444,434, 2020-10-29 , 22:18:33.922256 
 444,433, 2020-10-29 , 22:18:35.014037 
 444,433, 2020-10-29 , 22:18:36.105249 
 444,433, 2020-10-29 , 22:18:37.196234 
 444,433, 2020-10-29 , 22:18:38.285488 
 444,433, 2020-10-29 , 22:18:39.377878 
 444,433, 2020-10-29 , 22:18:40.467876 
 444,433, 2020-10-29 , 22:18:41.559343 
 444,433, 2020-10-29 , 22:18:42.701316 
 444,433, 2020-10-29 , 22:18:43.791586 
 444,432, 2020-10-29 , 22:18:44.882723 
 444,432, 2020-10-29 , 22:18:45.974826 
 444,433, 2020-10-29 , 22:18:47.065040 
 444,433, 2020-10-29 , 22:18:48.155637 
 444,433, 2020-10-29 , 22:18:49.246473 
 444,433, 2020-10-29 , 22:18:50.338483 
 444,432, 2020-10-29 , 22:18:51.429176 
 444,432, 2020-10-29 , 22:18:52.520667 
 444,432, 2020-10-29 , 22:18:53.611187 
 444,432, 2020-10-29 , 22:18:54.751760 
 444,432, 2020-10-29 , 22:18:55.843923 
 444,432, 2020-10-29 , 22:18:56.934198 
 444,432, 2020-10-29 , 22:18:58.026131 
 444,432, 2020-10-29 , 22:18:59.116710 
 444,432, 2020-10-29 , 22:19:00.207392 
 444,433, 2020-10-29 , 22:19:01.299160 
 444,433, 2020-10-29 , 22:19:02.390338 
 444,433, 2020-10-29 , 22:19:03.480583 
 444,433, 2020-10-29 , 22:19:04.572481 
 444,432, 2020-10-29 , 22:19:05.663001 
 444,432, 2020-10-29 , 22:19:06.753628 
 444,432, 2020-10-29 , 22:19:07.845319 
 444,431, 2020-10-29 , 22:19:08.935894 
 444,431, 2020-10-29 , 22:19:10.026577 
 444,431, 2020-10-29 , 22:19:11.118738 
 444,431, 2020-10-29 , 22:19:12.209334 
 444,431, 2020-10-29 , 22:19:13.300073 
 444,431, 2020-10-29 , 22:19:14.390786 
 444,431, 2020-10-29 , 22:19:15.482557 
 444,431, 2020-10-29 , 22:19:16.573017 
 444,431, 2020-10-29 , 22:19:17.663877 
 444,431, 2020-10-29 , 22:19:18.804122 
 444,430, 2020-10-29 , 22:19:19.896575 
 444,430, 2020-10-29 , 22:19:20.987210 
 444,430, 2020-10-29 , 22:19:22.078224 
 444,430, 2020-10-29 , 22:19:23.169831 
 444,430, 2020-10-29 , 22:19:24.260154 
 444,429, 2020-10-29 , 22:19:25.351140 
 444,429, 2020-10-29 , 22:19:26.442089 
 444,429, 2020-10-29 , 22:19:27.533080 
 444,429, 2020-10-29 , 22:19:28.625030 
 444,429, 2020-10-29 , 22:19:29.715608 
 444,429, 2020-10-29 , 22:19:30.857153 
 444,429, 2020-10-29 , 22:19:31.947633 
 444,429, 2020-10-29 , 22:19:33.038681 
 444,429, 2020-10-29 , 22:19:34.129496 
 444,428, 2020-10-29 , 22:19:35.221246 
 444,428, 2020-10-29 , 22:19:36.311832 
 444,427, 2020-10-29 , 22:19:37.402468 
 444,427, 2020-10-29 , 22:19:38.494066 
 444,427, 2020-10-29 , 22:19:39.584640 
 444,427, 2020-10-29 , 22:19:40.675636 
 444,427, 2020-10-29 , 22:19:41.767578 
 444,427, 2020-10-29 , 22:19:42.908436 
 444,426, 2020-10-29 , 22:19:44.048582 
 444,426, 2020-10-29 , 22:19:45.140056 
 444,426, 2020-10-29 , 22:19:46.231615 
 444,426, 2020-10-29 , 22:19:47.322436 
 444,426, 2020-10-29 , 22:19:48.412903 
 444,426, 2020-10-29 , 22:19:49.503409 
 444,426, 2020-10-29 , 22:19:50.595744 
 444,426, 2020-10-29 , 22:19:51.685912 
 444,426, 2020-10-29 , 22:19:52.927878 
 444,426, 2020-10-29 , 22:19:54.018461 
 444,426, 2020-10-29 , 22:19:55.109178 
 444,426, 2020-10-29 , 22:19:56.200016 
 444,426, 2020-10-29 , 22:19:57.290710 
 444,426, 2020-10-29 , 22:19:58.382442 
 444,426, 2020-10-29 , 22:19:59.472502 
 444,426, 2020-10-29 , 22:20:00.563737 
 444,426, 2020-10-29 , 22:20:01.654661 
 444,426, 2020-10-29 , 22:20:02.745573 
 444,425, 2020-10-29 , 22:20:03.836384 
 444,425, 2020-10-29 , 22:20:04.978587 
 444,425, 2020-10-29 , 22:20:06.119055 
 444,425, 2020-10-29 , 22:20:07.209572 
 444,425, 2020-10-29 , 22:20:08.301399 
 444,425, 2020-10-29 , 22:20:09.392136 
 444,425, 2020-10-29 , 22:20:10.482766 
 444,425, 2020-10-29 , 22:20:11.574531 
 444,425, 2020-10-29 , 22:20:12.665647 
 444,425, 2020-10-29 , 22:20:13.756358 
 444,425, 2020-10-29 , 22:20:14.996921 
 444,425, 2020-10-29 , 22:20:16.087795 
 444,425, 2020-10-29 , 22:20:17.178743 
 444,425, 2020-10-29 , 22:20:18.269366 
 444,424, 2020-10-29 , 22:20:19.361280 
 444,424, 2020-10-29 , 22:20:20.451846 
 444,424, 2020-10-29 , 22:20:21.542459 
 444,424, 2020-10-29 , 22:20:22.634159 
 444,423, 2020-10-29 , 22:20:23.725437 
 444,423, 2020-10-29 , 22:20:24.816187 
 444,423, 2020-10-29 , 22:20:25.907847 
 444,423, 2020-10-29 , 22:20:27.048289 
 444,423, 2020-10-29 , 22:20:28.140081 
 444,424, 2020-10-29 , 22:20:29.230485 
 444,424, 2020-10-29 , 22:20:30.322366 
 444,424, 2020-10-29 , 22:20:31.413123 
 444,424, 2020-10-29 , 22:20:32.503253 
 444,424, 2020-10-29 , 22:20:33.594563 
 444,424, 2020-10-29 , 22:20:34.685544 
 444,423, 2020-10-29 , 22:20:35.776781 
 444,423, 2020-10-29 , 22:20:36.867537 
 444,423, 2020-10-29 , 22:20:37.959402 
 444,423, 2020-10-29 , 22:20:39.100102 
 444,423, 2020-10-29 , 22:20:40.190792 
 444,422, 2020-10-29 , 22:20:41.282770 
 444,422, 2020-10-29 , 22:20:42.373366 
 444,422, 2020-10-29 , 22:20:43.463984 
 444,422, 2020-10-29 , 22:20:44.555570 
 444,422, 2020-10-29 , 22:20:45.646662 
 444,422, 2020-10-29 , 22:20:46.737257 
 444,422, 2020-10-29 , 22:20:47.829101 
 444,422, 2020-10-29 , 22:20:48.919440 
 444,422, 2020-10-29 , 22:20:50.010621 
 444,422, 2020-10-29 , 22:20:51.101568 
 444,422, 2020-10-29 , 22:20:52.192318 
 444,422, 2020-10-29 , 22:20:53.284013 
 444,422, 2020-10-29 , 22:20:54.374769 
 444,421, 2020-10-29 , 22:20:55.465499 
 444,421, 2020-10-29 , 22:20:56.557001 
 444,421, 2020-10-29 , 22:20:57.647737 
 444,421, 2020-10-29 , 22:20:58.738541 
 444,421, 2020-10-29 , 22:20:59.830431 
 444,421, 2020-10-29 , 22:21:00.920163 
 444,421, 2020-10-29 , 22:21:02.011434 
 444,421, 2020-10-29 , 22:21:03.153546 
 444,421, 2020-10-29 , 22:21:04.243982 
 444,420, 2020-10-29 , 22:21:05.335158 
 444,420, 2020-10-29 , 22:21:06.425910 
 444,421, 2020-10-29 , 22:21:07.517319 
 444,421, 2020-10-29 , 22:21:08.607823 
 444,421, 2020-10-29 , 22:21:09.699918 
 444,421, 2020-10-29 , 22:21:10.790307 
 444,421, 2020-10-29 , 22:21:11.882319 
 444,421, 2020-10-29 , 22:21:12.972799 
 444,421, 2020-10-29 , 22:21:14.063734 
 444,421, 2020-10-29 , 22:21:15.204429 
 444,420, 2020-10-29 , 22:21:16.296124 
 444,420, 2020-10-29 , 22:21:17.386780 
 444,420, 2020-10-29 , 22:21:18.478375 
 444,420, 2020-10-29 , 22:21:19.568896 
 444,420, 2020-10-29 , 22:21:20.660613 
 444,419, 2020-10-29 , 22:21:21.751122 
 444,419, 2020-10-29 , 22:21:22.842883 
 444,419, 2020-10-29 , 22:21:23.933876 
 444,419, 2020-10-29 , 22:21:25.024515 
 444,419, 2020-10-29 , 22:21:26.115408 
 444,419, 2020-10-29 , 22:21:27.257541 
 444,419, 2020-10-29 , 22:21:28.397842 
 444,420, 2020-10-29 , 22:21:29.489341 
 444,420, 2020-10-29 , 22:21:30.579800 
 444,420, 2020-10-29 , 22:21:31.671716 
 444,420, 2020-10-29 , 22:21:32.762554 
 444,420, 2020-10-29 , 22:21:33.854023 
 444,420, 2020-10-29 , 22:21:34.945143 
 444,420, 2020-10-29 , 22:21:36.035736 
 444,420, 2020-10-29 , 22:21:37.277777 
 444,420, 2020-10-29 , 22:21:38.367101 
 444,420, 2020-10-29 , 22:21:39.459379 
 444,420, 2020-10-29 , 22:21:40.549752 
 444,420, 2020-10-29 , 22:21:41.641611 
 444,420, 2020-10-29 , 22:21:42.732200 
 444,420, 2020-10-29 , 22:21:43.822989 
 444,420, 2020-10-29 , 22:21:44.915063 
 444,420, 2020-10-29 , 22:21:46.005396 
 444,420, 2020-10-29 , 22:21:47.097107 
 444,420, 2020-10-29 , 22:21:48.187520 
 444,420, 2020-10-29 , 22:21:49.328466 
 444,420, 2020-10-29 , 22:21:50.470365 
 444,420, 2020-10-29 , 22:21:51.560608 
 444,420, 2020-10-29 , 22:21:52.651251 
 444,420, 2020-10-29 , 22:21:53.743164 
 444,420, 2020-10-29 , 22:21:54.833706 
 444,420, 2020-10-29 , 22:21:55.925703 
 444,420, 2020-10-29 , 22:21:57.016072 
 444,420, 2020-10-29 , 22:21:58.106622 
 444,420, 2020-10-29 , 22:21:59.348322 
 444,420, 2020-10-29 , 22:22:00.439133 
 444,419, 2020-10-29 , 22:22:01.529802 
 444,419, 2020-10-29 , 22:22:02.621500 
 444,419, 2020-10-29 , 22:22:03.712232 
 444,419, 2020-10-29 , 22:22:04.802753 
 444,420, 2020-10-29 , 22:22:05.894170 
 444,420, 2020-10-29 , 22:22:06.986239 
 444,420, 2020-10-29 , 22:22:08.076919 
 444,420, 2020-10-29 , 22:22:09.167505 
 444,420, 2020-10-29 , 22:22:10.259342 
 444,420, 2020-10-29 , 22:22:11.399335 
 444,420, 2020-10-29 , 22:22:12.540787 
 444,420, 2020-10-29 , 22:22:13.631489 
 444,420, 2020-10-29 , 22:22:14.723367 
 444,419, 2020-10-29 , 22:22:15.814032 
 444,419, 2020-10-29 , 22:22:16.904736 
 444,419, 2020-10-29 , 22:22:17.996468 
 444,419, 2020-10-29 , 22:22:19.087144 
 444,419, 2020-10-29 , 22:22:20.177701 
 444,419, 2020-10-29 , 22:22:21.419883 
 444,419, 2020-10-29 , 22:22:22.511986 
 444,419, 2020-10-29 , 22:22:23.601208 
 444,419, 2020-10-29 , 22:22:24.692939 
 444,419, 2020-10-29 , 22:22:25.783534 
 444,419, 2020-10-29 , 22:22:26.875403 
 444,419, 2020-10-29 , 22:22:27.966062 
 444,419, 2020-10-29 , 22:22:30.148165 
 444,419, 2020-10-29 , 22:22:31.239655 
 444,419, 2020-10-29 , 22:22:32.329638 
 444,419, 2020-10-29 , 22:22:33.471397 
 444,419, 2020-10-29 , 22:22:34.561858 
 444,419, 2020-10-29 , 22:22:35.653803 
 444,419, 2020-10-29 , 22:22:36.744762 
 444,419, 2020-10-29 , 22:22:37.835253 
 444,419, 2020-10-29 , 22:22:38.927157 
 444,419, 2020-10-29 , 22:22:40.017756 
 444,419, 2020-10-29 , 22:22:41.108746 
 444,419, 2020-10-29 , 22:22:42.199226 
 444,419, 2020-10-29 , 22:22:43.291713 
 444,419, 2020-10-29 , 22:22:44.382263 
 444,419, 2020-10-29 , 22:22:45.524190 
 444,419, 2020-10-29 , 22:22:46.614873 
 444,419, 2020-10-29 , 22:22:47.705486 
 444,419, 2020-10-29 , 22:22:48.796655 
 444,419, 2020-10-29 , 22:22:49.888406 
 444,419, 2020-10-29 , 22:22:50.978812 
 444,419, 2020-10-29 , 22:22:52.068838 
 444,419, 2020-10-29 , 22:22:53.159893 
 444,419, 2020-10-29 , 22:22:54.252551 
 444,419, 2020-10-29 , 22:22:55.343341 
 444,419, 2020-10-29 , 22:22:56.434139 
 444,419, 2020-10-29 , 22:22:57.525188 
 444,419, 2020-10-29 , 22:22:58.617172 
 444,419, 2020-10-29 , 22:22:59.709161 
 